catalog: 4 class signature(s) from hardware/classes
suzu resident is up — domains: watcher · devices · moments · sensor · publisher
plug a device and watch the house talk. `tell <label>` rings the bell · `status` · `q` quits.
control: `suzu pause` / `suzu resume` stop and restart the stream to devices.
[api] the door is open on http://127.0.0.1:7899 — snapshot + stream, one truth
[control] listening on 127.0.0.1:7898 — `suzu pause` / `suzu resume`
[watcher] sensed COM12
[sensor] ground: stone-leaded-sparkle · cpu 6% · gpu 3% · mem 70% · disk 59% · up 152724s
[watcher] identified COM12 → esp8266-oled-v2-class · ?/?
[devices] COM12 minted identity 01a05541-3938-78eb-aa0d-a6454d18531a
[devices] minding COM12 as Some("esp8266-oled-v2-class") (Some("01a05541-3938-78eb-aa0d-a6454d18531a")) — state Accepted
[moments] splash: discovery 01a05541-3938-78eb-aa0d-a6454d18531a
[roster] held 01a05541-3938-78eb-aa0d-a6454d18531a on COM12 (esp8266-oled-v2-class) — admission decides the stream
catalog: 4 class signature(s) from hardware/classes
suzu resident is up — domains: watcher · devices · moments · sensor · publisher
plug a device and watch the house talk. `tell <label>` rings the bell · `status` · `q` quits.
control: `suzu pause` / `suzu resume` stop and restart the stream to devices.
[api] the door is open on http://127.0.0.1:7899 — snapshot + stream, one truth
[control] listening on 127.0.0.1:7898 — `suzu pause` / `suzu resume`
[watcher] sensed COM12
[sensor] ground: stone-leaded-sparkle · cpu 78% · gpu 88% · mem 80% · disk 59% · up 156232s
[watcher] identified COM12 → esp8266-oled-v2-class · ?/?
[devices] COM12 minted identity 01a05576-c60a-78a5-8153-d10c9bc02ba3
[devices] minding COM12 as Some("esp8266-oled-v2-class") (Some("01a05576-c60a-78a5-8153-d10c9bc02ba3")) — state Accepted
[moments] splash: discovery 01a05576-c60a-78a5-8153-d10c9bc02ba3
[roster] held 01a05576-c60a-78a5-8153-d10c9bc02ba3 on COM12 (esp8266-oled-v2-class) — admission decides the stream
[api] shutdown requested — the resident rests
catalog: 4 class signature(s) from hardware/classes
suzu resident is up — domains: watcher · devices · moments · sensor · publisher
plug a device and watch the house talk. `tell <label>` rings the bell · `status` · `q` quits.
control: `suzu pause` / `suzu resume` stop and restart the stream to devices.
[api] the door is open on http://127.0.0.1:7899 — snapshot + stream, one truth
[control] listening on 127.0.0.1:7898 — `suzu pause` / `suzu resume`
[watcher] sensed COM12
[sensor] ground: stone-leaded-sparkle · cpu 10% · gpu 2% · mem 69% · disk 59% · up 156673s
[watcher] identified COM12 → esp8266-oled-v2-class · ?/?
[devices] COM12 minted identity 01a0557d-8206-7017-81fb-2dc0ffa1dc32
[devices] minding COM12 as Some("esp8266-oled-v2-class") (Some("01a0557d-8206-7017-81fb-2dc0ffa1dc32")) — state Accepted
[moments] splash: discovery 01a0557d-8206-7017-81fb-2dc0ffa1dc32
[roster] held 01a0557d-8206-7017-81fb-2dc0ffa1dc32 on COM12 (esp8266-oled-v2-class) — admission decides the stream
[roster] stream detached — 01a0557d-8206-7017-81fb-2dc0ffa1dc32 on COM12 (maintenance:soft)
[maintenance] soft saga owns 01a0557d-8206-7017-81fb-2dc0ffa1dc32 on COM12 — the stream is withdrawn
[maintenance] 01a0557d-8206-7017-81fb-2dc0ffa1dc32 · step 1/2 — Installing the suzu face (portrait-numerals) 
[maintenance] 01a0557d-8206-7017-81fb-2dc0ffa1dc32 · step 1/2 — raw REPL confirmed (attempt 1) 
[maintenance] 01a0557d-8206-7017-81fb-2dc0ffa1dc32 · step 1/2 — device files: ['boot.py', 'firefly_oled_v2.py', 'icons.py', 'main.py', 'profont_10.mpy', 'profont_10.py', 'suzu.json', 'zen-garden.json'] 
[maintenance] 01a0557d-8206-7017-81fb-2dc0ffa1dc32 · step 1/2 — backed up boot.py (473 bytes) 
[maintenance] 01a0557d-8206-7017-81fb-2dc0ffa1dc32 · step 1/2 — backed up firefly_oled_v2.py (11504 bytes) 
[maintenance] 01a0557d-8206-7017-81fb-2dc0ffa1dc32 · step 1/2 — backed up icons.py (3354 bytes) 
[watcher] sensed COM24
[maintenance] 01a0557d-8206-7017-81fb-2dc0ffa1dc32 · step 1/2 — backed up main.py (10992 bytes) 
[maintenance] 01a0557d-8206-7017-81fb-2dc0ffa1dc32 · step 1/2 — backed up profont_10.mpy (3963 bytes) 
[maintenance] 01a0557d-8206-7017-81fb-2dc0ffa1dc32 · step 1/2 — backed up profont_10.py (9362 bytes) 
[maintenance] 01a0557d-8206-7017-81fb-2dc0ffa1dc32 · step 1/2 — backed up suzu.json (203 bytes) 
[maintenance] 01a0557d-8206-7017-81fb-2dc0ffa1dc32 · step 1/2 — backed up zen-garden.json (223 bytes) 
[maintenance] 01a0557d-8206-7017-81fb-2dc0ffa1dc32 · step 1/2 — identity preserved: 01a0557d-8206-7017-81fb-2dc0ffa1dc32 
[maintenance] 01a0557d-8206-7017-81fb-2dc0ffa1dc32 · step 1/2 — pushing 9 files to COM12 ... (faceplate: portrait-numerals) 
[maintenance] 01a0557d-8206-7017-81fb-2dc0ffa1dc32 · step 1/2 — raw REPL confirmed (attempt 1) 
[maintenance] 01a0557d-8206-7017-81fb-2dc0ffa1dc32 · step 1/2 — OK boot.py (473 bytes verified) 
[watcher] identified COM24 → esp8266-oled-v2-class · ?/?
[devices] COM24 minted identity 01a0557e-c390-7000-aeb5-34dedb9ab551
[devices] minding COM24 as Some("esp8266-oled-v2-class") (Some("01a0557e-c390-7000-aeb5-34dedb9ab551")) — state Accepted
[moments] splash: discovery 01a0557e-c390-7000-aeb5-34dedb9ab551
[roster] held 01a0557e-c390-7000-aeb5-34dedb9ab551 on COM24 (esp8266-oled-v2-class) — admission decides the stream
[maintenance] 01a0557d-8206-7017-81fb-2dc0ffa1dc32 · step 1/2 — raw REPL confirmed (attempt 1) 
[maintenance] 01a0557d-8206-7017-81fb-2dc0ffa1dc32 · step 1/2 — OK firefly_oled_v2.py (11504 bytes verified) 
[maintenance] 01a0557d-8206-7017-81fb-2dc0ffa1dc32 · step 1/2 — raw REPL confirmed (attempt 1) 
[maintenance] 01a0557d-8206-7017-81fb-2dc0ffa1dc32 · step 1/2 — OK icons.py (3354 bytes verified) 
[maintenance] 01a0557d-8206-7017-81fb-2dc0ffa1dc32 · step 1/2 — raw REPL confirmed (attempt 1) 
[maintenance] 01a0557d-8206-7017-81fb-2dc0ffa1dc32 · step 1/2 — OK profont_10.py (9362 bytes verified) 
[maintenance] 01a0557d-8206-7017-81fb-2dc0ffa1dc32 · step 1/2 — raw REPL confirmed (attempt 1) 
[maintenance] 01a0557d-8206-7017-81fb-2dc0ffa1dc32 · step 1/2 — OK suzu.json (203 bytes verified) 
[maintenance] 01a0557d-8206-7017-81fb-2dc0ffa1dc32 · step 1/2 — raw REPL confirmed (attempt 1) 
[maintenance] 01a0557d-8206-7017-81fb-2dc0ffa1dc32 · step 1/2 — OK main.py (197 bytes verified) 
[maintenance] 01a0557d-8206-7017-81fb-2dc0ffa1dc32 · step 1/2 — raw REPL confirmed (attempt 1) 
[maintenance] 01a0557d-8206-7017-81fb-2dc0ffa1dc32 · step 1/2 — OK face.mpy (6147 bytes verified) 
[maintenance] 01a0557d-8206-7017-81fb-2dc0ffa1dc32 · step 1/2 — raw REPL confirmed (attempt 1) 
[maintenance] 01a0557d-8206-7017-81fb-2dc0ffa1dc32 · step 1/2 — OK digits_bebas.bin (539 bytes verified) 
[maintenance] 01a0557d-8206-7017-81fb-2dc0ffa1dc32 · step 1/2 — raw REPL confirmed (attempt 1) 
[maintenance] 01a0557d-8206-7017-81fb-2dc0ffa1dc32 · step 1/2 — OK icons.bin (64 bytes verified) 
[maintenance] 01a0557d-8206-7017-81fb-2dc0ffa1dc32 · step 1/2 — rebooted into suzu — run `suzu scan` to verify the handshake 
[maintenance] 01a0557d-8206-7017-81fb-2dc0ffa1dc32 · step 2/2 — Handing to the exam 
[maintenance] soft saga done for 01a0557d-8206-7017-81fb-2dc0ffa1dc32 — admission decides the stream
[maintenance] COM12: re-identified as esp8266-oled/oled-v2 — respawning
[sessions] COM12: consumer translating (suzu/1)
[roster] admission PASSED for 01a0557d-8206-7017-81fb-2dc0ffa1dc32 on COM12 — handshake, ack-law, label-roundtrip, display-truth
[roster] stream attached — 01a0557d-8206-7017-81fb-2dc0ffa1dc32 on COM12
[roster] stream detached — 01a0557e-c390-7000-aeb5-34dedb9ab551 on COM24 (maintenance:soft)
[maintenance] soft saga owns 01a0557e-c390-7000-aeb5-34dedb9ab551 on COM24 — the stream is withdrawn
[maintenance] 01a0557e-c390-7000-aeb5-34dedb9ab551 · step 1/2 — Installing the suzu face (portrait-numerals) 
[maintenance] 01a0557e-c390-7000-aeb5-34dedb9ab551 · step 1/2 — raw REPL confirmed (attempt 1) 
[maintenance] 01a0557e-c390-7000-aeb5-34dedb9ab551 · step 1/2 — device files: ['boot.py', 'firefly_oled_v2.py', 'icons.py', 'main.py', 'profont_10.mpy', 'profont_10.py', 'suzu.json', 'zen-garden.json'] 
[maintenance] 01a0557e-c390-7000-aeb5-34dedb9ab551 · step 1/2 — backed up boot.py (473 bytes) 
[maintenance] 01a0557e-c390-7000-aeb5-34dedb9ab551 · step 1/2 — backed up firefly_oled_v2.py (11504 bytes) 
[maintenance] 01a0557e-c390-7000-aeb5-34dedb9ab551 · step 1/2 — backed up icons.py (3354 bytes) 
[maintenance] 01a0557e-c390-7000-aeb5-34dedb9ab551 · step 1/2 — backed up main.py (10992 bytes) 
[maintenance] 01a0557e-c390-7000-aeb5-34dedb9ab551 · step 1/2 — backed up profont_10.mpy (3963 bytes) 
[maintenance] 01a0557e-c390-7000-aeb5-34dedb9ab551 · step 1/2 — backed up profont_10.py (9362 bytes) 
[maintenance] 01a0557e-c390-7000-aeb5-34dedb9ab551 · step 1/2 — backed up suzu.json (212 bytes) 
[maintenance] 01a0557e-c390-7000-aeb5-34dedb9ab551 · step 1/2 — backed up zen-garden.json (223 bytes) 
[maintenance] 01a0557e-c390-7000-aeb5-34dedb9ab551 · step 1/2 — identity preserved: 01a0557e-c390-7000-aeb5-34dedb9ab551 
[maintenance] 01a0557e-c390-7000-aeb5-34dedb9ab551 · step 1/2 — pushing 9 files to COM24 ... (faceplate: portrait-numerals) 
[maintenance] 01a0557e-c390-7000-aeb5-34dedb9ab551 · step 1/2 — raw REPL confirmed (attempt 1) 
[maintenance] 01a0557e-c390-7000-aeb5-34dedb9ab551 · step 1/2 — OK boot.py (473 bytes verified) 
[maintenance] 01a0557e-c390-7000-aeb5-34dedb9ab551 · step 1/2 — raw REPL confirmed (attempt 1) 
[maintenance] 01a0557e-c390-7000-aeb5-34dedb9ab551 · step 1/2 — OK firefly_oled_v2.py (11504 bytes verified) 
[maintenance] 01a0557e-c390-7000-aeb5-34dedb9ab551 · step 1/2 — raw REPL confirmed (attempt 1) 
[maintenance] 01a0557e-c390-7000-aeb5-34dedb9ab551 · step 1/2 — OK icons.py (3354 bytes verified) 
[maintenance] 01a0557e-c390-7000-aeb5-34dedb9ab551 · step 1/2 — raw REPL confirmed (attempt 1) 
[maintenance] 01a0557e-c390-7000-aeb5-34dedb9ab551 · step 1/2 — OK profont_10.py (9362 bytes verified) 
[maintenance] 01a0557e-c390-7000-aeb5-34dedb9ab551 · step 1/2 — raw REPL confirmed (attempt 1) 
[maintenance] 01a0557e-c390-7000-aeb5-34dedb9ab551 · step 1/2 — OK suzu.json (203 bytes verified) 
[maintenance] 01a0557e-c390-7000-aeb5-34dedb9ab551 · step 1/2 — raw REPL confirmed (attempt 1) 
[maintenance] 01a0557e-c390-7000-aeb5-34dedb9ab551 · step 1/2 — OK main.py (197 bytes verified) 
[maintenance] 01a0557e-c390-7000-aeb5-34dedb9ab551 · step 1/2 — raw REPL confirmed (attempt 1) 
[maintenance] 01a0557e-c390-7000-aeb5-34dedb9ab551 · step 1/2 — OK face.mpy (6147 bytes verified) 
[maintenance] 01a0557e-c390-7000-aeb5-34dedb9ab551 · step 1/2 — raw REPL confirmed (attempt 1) 
[maintenance] 01a0557e-c390-7000-aeb5-34dedb9ab551 · step 1/2 — OK digits_bebas.bin (539 bytes verified) 
[maintenance] 01a0557e-c390-7000-aeb5-34dedb9ab551 · step 1/2 — raw REPL confirmed (attempt 1) 
[maintenance] 01a0557e-c390-7000-aeb5-34dedb9ab551 · step 1/2 — OK icons.bin (64 bytes verified) 
[maintenance] 01a0557e-c390-7000-aeb5-34dedb9ab551 · step 1/2 — rebooted into suzu — run `suzu scan` to verify the handshake 
[maintenance] 01a0557e-c390-7000-aeb5-34dedb9ab551 · step 2/2 — Handing to the exam 
[maintenance] COM24: re-identified as esp8266-oled/oled-v2 — respawning
[maintenance] soft saga done for 01a0557e-c390-7000-aeb5-34dedb9ab551 — admission decides the stream
[sessions] COM24: consumer translating (suzu/1)
[roster] admission PASSED for 01a0557e-c390-7000-aeb5-34dedb9ab551 on COM24 — handshake, ack-law, label-roundtrip, display-truth
[roster] stream attached — 01a0557e-c390-7000-aeb5-34dedb9ab551 on COM24
[media] the media lane is watched — the faces blink for the window
[api] shutdown requested — the resident rests
catalog: 4 class signature(s) from hardware/classes
suzu resident is up — domains: watcher · devices · moments · sensor · roster
plug a device and watch the house talk. `tell <label>` rings the bell · `status` · `q` quits.
control: `suzu pause` / `suzu resume` stop and restart the stream to devices.
[api] the door is open on http://127.0.0.1:7899 — snapshot + stream, one truth
[control] listening on 127.0.0.1:7898 — `suzu pause` / `suzu resume`
[watcher] sensed COM12
[sensor] ground: stone-leaded-sparkle · cpu 8% · gpu 3% · mem 69% · disk 59% · up 157709s
[watcher] identified COM12 → esp8266-oled-v2-class · esp8266-oled/oled-v2 v1.0.0
[watcher] sensed COM24
[devices] minding COM12 as Some("esp8266-oled-v2-class") (Some("01a0557d-8206-7017-81fb-2dc0ffa1dc32")) — state Accepted
[moments] splash: discovery 01a0557d-8206-7017-81fb-2dc0ffa1dc32
[roster] held 01a0557d-8206-7017-81fb-2dc0ffa1dc32 on COM12 (esp8266-oled-v2-class) — admission decides the stream
[sessions] COM12: consumer translating (suzu/1)
[roster] admission PASSED for 01a0557d-8206-7017-81fb-2dc0ffa1dc32 on COM12 — handshake, ack-law, label-roundtrip, display-truth
[roster] stream attached — 01a0557d-8206-7017-81fb-2dc0ffa1dc32 on COM12
[watcher] identified COM24 → esp8266-oled-v2-class · esp8266-oled/oled-v2 v1.0.0
[devices] minding COM24 as Some("esp8266-oled-v2-class") (Some("01a0557e-c390-7000-aeb5-34dedb9ab551")) — state Accepted
[moments] splash: discovery 01a0557e-c390-7000-aeb5-34dedb9ab551
[roster] held 01a0557e-c390-7000-aeb5-34dedb9ab551 on COM24 (esp8266-oled-v2-class) — admission decides the stream
[sessions] COM24: consumer translating (suzu/1)
[roster] admission PASSED for 01a0557e-c390-7000-aeb5-34dedb9ab551 on COM24 — handshake, ack-law, label-roundtrip, display-truth
[roster] stream attached — 01a0557e-c390-7000-aeb5-34dedb9ab551 on COM24
[media] the media lane is watched — the faces blink for the window
[roster] stream detached — 01a0557d-8206-7017-81fb-2dc0ffa1dc32 on COM12 (maintenance:soft)
[maintenance] soft saga owns 01a0557d-8206-7017-81fb-2dc0ffa1dc32 on COM12 — the stream is withdrawn
[sessions] COM12: released — fireflies when idle
[maintenance] 01a0557d-8206-7017-81fb-2dc0ffa1dc32 · step 1/2 — Installing the suzu face (portrait-numerals) 
[roster] stream detached — 01a0557e-c390-7000-aeb5-34dedb9ab551 on COM24 (maintenance:soft)
[maintenance] soft saga owns 01a0557e-c390-7000-aeb5-34dedb9ab551 on COM24 — the stream is withdrawn
[sessions] COM24: released — fireflies when idle
[maintenance] 01a0557e-c390-7000-aeb5-34dedb9ab551 · step 1/2 — Installing the suzu face (portrait-numerals) 
[maintenance] 01a0557d-8206-7017-81fb-2dc0ffa1dc32 · step 1/2 — raw REPL confirmed (attempt 1) 
[maintenance] 01a0557d-8206-7017-81fb-2dc0ffa1dc32 · step 1/2 — device files: ['boot.py', 'digits_bebas.bin', 'face.mpy', 'firefly_oled_v2.py', 'icons.bin', 'icons.py', 'main.py', 'profont_10.mpy', 'profont_10.py', 'suzu.json', 'zen-garden.json'] 
[maintenance] 01a0557e-c390-7000-aeb5-34dedb9ab551 · step 1/2 — raw REPL confirmed (attempt 1) 
[maintenance] 01a0557e-c390-7000-aeb5-34dedb9ab551 · step 1/2 — device files: ['boot.py', 'digits_bebas.bin', 'face.mpy', 'firefly_oled_v2.py', 'icons.bin', 'icons.py', 'main.py', 'profont_10.mpy', 'profont_10.py', 'suzu.json', 'zen-garden.json'] 
[maintenance] 01a0557d-8206-7017-81fb-2dc0ffa1dc32 · step 1/2 — backed up boot.py (473 bytes) 
[maintenance] 01a0557d-8206-7017-81fb-2dc0ffa1dc32 · step 1/2 — backed up digits_bebas.bin (539 bytes) 
[maintenance] 01a0557e-c390-7000-aeb5-34dedb9ab551 · step 1/2 — backed up boot.py (473 bytes) 
[maintenance] 01a0557e-c390-7000-aeb5-34dedb9ab551 · step 1/2 — backed up digits_bebas.bin (539 bytes) 
[maintenance] 01a0557d-8206-7017-81fb-2dc0ffa1dc32 · step 1/2 — backed up face.mpy (6147 bytes) 
[maintenance] 01a0557e-c390-7000-aeb5-34dedb9ab551 · step 1/2 — backed up face.mpy (6147 bytes) 
[maintenance] 01a0557d-8206-7017-81fb-2dc0ffa1dc32 · step 1/2 — backed up firefly_oled_v2.py (11504 bytes) 
[maintenance] 01a0557d-8206-7017-81fb-2dc0ffa1dc32 · step 1/2 — backed up icons.bin (64 bytes) 
[maintenance] 01a0557e-c390-7000-aeb5-34dedb9ab551 · step 1/2 — backed up firefly_oled_v2.py (11504 bytes) 
[maintenance] 01a0557e-c390-7000-aeb5-34dedb9ab551 · step 1/2 — backed up icons.bin (64 bytes) 
[maintenance] 01a0557d-8206-7017-81fb-2dc0ffa1dc32 · step 1/2 — backed up icons.py (3354 bytes) 
[maintenance] 01a0557d-8206-7017-81fb-2dc0ffa1dc32 · step 1/2 — backed up main.py (197 bytes) 
[maintenance] 01a0557e-c390-7000-aeb5-34dedb9ab551 · step 1/2 — backed up icons.py (3354 bytes) 
[maintenance] 01a0557e-c390-7000-aeb5-34dedb9ab551 · step 1/2 — backed up main.py (197 bytes) 
[maintenance] 01a0557d-8206-7017-81fb-2dc0ffa1dc32 · step 1/2 — backed up profont_10.mpy (3963 bytes) 
[maintenance] 01a0557e-c390-7000-aeb5-34dedb9ab551 · step 1/2 — backed up profont_10.mpy (3963 bytes) 
[maintenance] 01a0557d-8206-7017-81fb-2dc0ffa1dc32 · step 1/2 — backed up profont_10.py (9362 bytes) 
[maintenance] 01a0557d-8206-7017-81fb-2dc0ffa1dc32 · step 1/2 — backed up suzu.json (203 bytes) 
[maintenance] 01a0557e-c390-7000-aeb5-34dedb9ab551 · step 1/2 — backed up profont_10.py (9362 bytes) 
[maintenance] 01a0557d-8206-7017-81fb-2dc0ffa1dc32 · step 1/2 — backed up zen-garden.json (223 bytes) 
[maintenance] 01a0557d-8206-7017-81fb-2dc0ffa1dc32 · step 1/2 — identity preserved: 01a0557d-8206-7017-81fb-2dc0ffa1dc32 
[maintenance] 01a0557e-c390-7000-aeb5-34dedb9ab551 · step 1/2 — backed up suzu.json (203 bytes) 
[maintenance] 01a0557d-8206-7017-81fb-2dc0ffa1dc32 · step 1/2 — pushing 9 files to COM12 ... (faceplate: portrait-numerals) 
[maintenance] 01a0557e-c390-7000-aeb5-34dedb9ab551 · step 1/2 — backed up zen-garden.json (223 bytes) 
[maintenance] 01a0557e-c390-7000-aeb5-34dedb9ab551 · step 1/2 — identity preserved: 01a0557e-c390-7000-aeb5-34dedb9ab551 
[maintenance] 01a0557e-c390-7000-aeb5-34dedb9ab551 · step 1/2 — pushing 9 files to COM24 ... (faceplate: portrait-numerals) 
[maintenance] 01a0557d-8206-7017-81fb-2dc0ffa1dc32 · step 1/2 — raw REPL confirmed (attempt 1) 
[maintenance] 01a0557e-c390-7000-aeb5-34dedb9ab551 · step 1/2 — raw REPL confirmed (attempt 1) 
[maintenance] 01a0557d-8206-7017-81fb-2dc0ffa1dc32 · step 1/2 — OK boot.py (473 bytes verified) 
[maintenance] 01a0557e-c390-7000-aeb5-34dedb9ab551 · step 1/2 — OK boot.py (473 bytes verified) 
[maintenance] 01a0557d-8206-7017-81fb-2dc0ffa1dc32 · step 1/2 — raw REPL confirmed (attempt 1) 
[maintenance] 01a0557e-c390-7000-aeb5-34dedb9ab551 · step 1/2 — raw REPL confirmed (attempt 1) 
[maintenance] 01a0557d-8206-7017-81fb-2dc0ffa1dc32 · step 1/2 — OK firefly_oled_v2.py (11504 bytes verified) 
[maintenance] 01a0557e-c390-7000-aeb5-34dedb9ab551 · step 1/2 — OK firefly_oled_v2.py (11504 bytes verified) 
[maintenance] 01a0557d-8206-7017-81fb-2dc0ffa1dc32 · step 1/2 — raw REPL confirmed (attempt 1) 
[maintenance] 01a0557e-c390-7000-aeb5-34dedb9ab551 · step 1/2 — raw REPL confirmed (attempt 1) 
[maintenance] 01a0557d-8206-7017-81fb-2dc0ffa1dc32 · step 1/2 — OK icons.py (3354 bytes verified) 
[maintenance] 01a0557e-c390-7000-aeb5-34dedb9ab551 · step 1/2 — OK icons.py (3354 bytes verified) 
[maintenance] 01a0557d-8206-7017-81fb-2dc0ffa1dc32 · step 1/2 — raw REPL confirmed (attempt 1) 
[maintenance] 01a0557e-c390-7000-aeb5-34dedb9ab551 · step 1/2 — raw REPL confirmed (attempt 1) 
[maintenance] 01a0557d-8206-7017-81fb-2dc0ffa1dc32 · step 1/2 — OK profont_10.py (9362 bytes verified) 
[maintenance] 01a0557e-c390-7000-aeb5-34dedb9ab551 · step 1/2 — OK profont_10.py (9362 bytes verified) 
[maintenance] 01a0557d-8206-7017-81fb-2dc0ffa1dc32 · step 1/2 — raw REPL confirmed (attempt 1) 
[maintenance] 01a0557d-8206-7017-81fb-2dc0ffa1dc32 · step 1/2 — OK suzu.json (203 bytes verified) 
[maintenance] 01a0557e-c390-7000-aeb5-34dedb9ab551 · step 1/2 — raw REPL confirmed (attempt 1) 
[maintenance] 01a0557e-c390-7000-aeb5-34dedb9ab551 · step 1/2 — OK suzu.json (203 bytes verified) 
[maintenance] 01a0557d-8206-7017-81fb-2dc0ffa1dc32 · step 1/2 — raw REPL confirmed (attempt 1) 
[maintenance] 01a0557d-8206-7017-81fb-2dc0ffa1dc32 · step 1/2 — OK main.py (197 bytes verified) 
[maintenance] 01a0557e-c390-7000-aeb5-34dedb9ab551 · step 1/2 — raw REPL confirmed (attempt 1) 
[maintenance] 01a0557e-c390-7000-aeb5-34dedb9ab551 · step 1/2 — OK main.py (197 bytes verified) 
[maintenance] 01a0557d-8206-7017-81fb-2dc0ffa1dc32 · step 1/2 — raw REPL confirmed (attempt 1) 
[maintenance] 01a0557e-c390-7000-aeb5-34dedb9ab551 · step 1/2 — raw REPL confirmed (attempt 1) 
[maintenance] 01a0557d-8206-7017-81fb-2dc0ffa1dc32 · step 1/2 — OK face.mpy (6296 bytes verified) 
[maintenance] 01a0557e-c390-7000-aeb5-34dedb9ab551 · step 1/2 — OK face.mpy (6296 bytes verified) 
[maintenance] 01a0557d-8206-7017-81fb-2dc0ffa1dc32 · step 1/2 — raw REPL confirmed (attempt 1) 
[maintenance] 01a0557d-8206-7017-81fb-2dc0ffa1dc32 · step 1/2 — OK digits_bebas.bin (539 bytes verified) 
[maintenance] 01a0557e-c390-7000-aeb5-34dedb9ab551 · step 1/2 — raw REPL confirmed (attempt 1) 
[maintenance] 01a0557e-c390-7000-aeb5-34dedb9ab551 · step 1/2 — OK digits_bebas.bin (539 bytes verified) 
[maintenance] 01a0557d-8206-7017-81fb-2dc0ffa1dc32 · step 1/2 — raw REPL confirmed (attempt 1) 
[maintenance] 01a0557e-c390-7000-aeb5-34dedb9ab551 · step 1/2 — raw REPL confirmed (attempt 1) 
[maintenance] 01a0557d-8206-7017-81fb-2dc0ffa1dc32 · step 1/2 — OK icons.bin (64 bytes verified) 
[maintenance] 01a0557d-8206-7017-81fb-2dc0ffa1dc32 · step 1/2 — rebooted into suzu — run `suzu scan` to verify the handshake 
[maintenance] 01a0557d-8206-7017-81fb-2dc0ffa1dc32 · step 2/2 — Handing to the exam 
[maintenance] 01a0557e-c390-7000-aeb5-34dedb9ab551 · step 1/2 — OK icons.bin (64 bytes verified) 
[maintenance] 01a0557e-c390-7000-aeb5-34dedb9ab551 · step 1/2 — rebooted into suzu — run `suzu scan` to verify the handshake 
[maintenance] 01a0557e-c390-7000-aeb5-34dedb9ab551 · step 2/2 — Handing to the exam 
[maintenance] soft saga done for 01a0557d-8206-7017-81fb-2dc0ffa1dc32 — admission decides the stream
[maintenance] COM12: re-identified as esp8266-oled/oled-v2 — respawning
[sessions] COM12: consumer translating (suzu/1)
[maintenance] COM24: re-identified as esp8266-oled/oled-v2 — respawning
[maintenance] soft saga done for 01a0557e-c390-7000-aeb5-34dedb9ab551 — admission decides the stream
[roster] admission PASSED for 01a0557d-8206-7017-81fb-2dc0ffa1dc32 on COM12 — handshake, ack-law, label-roundtrip, display-truth
[roster] stream attached — 01a0557d-8206-7017-81fb-2dc0ffa1dc32 on COM12
[sessions] COM24: consumer translating (suzu/1)
[roster] admission PASSED for 01a0557e-c390-7000-aeb5-34dedb9ab551 on COM24 — handshake, ack-law, label-roundtrip, display-truth
[roster] stream attached — 01a0557e-c390-7000-aeb5-34dedb9ab551 on COM24
[jobs] record on COM12 → 6s at 3 fps (recording)
[jobs] record on COM12 → 6s at 3 fps (recording)
[jobs] record on COM12 → 6s at 3 fps (recording, 1 frames)
[jobs] record on COM12 → 6s at 3 fps (recording, 2 frames)
[jobs] record on COM12 → 6s at 3 fps (recording, 3 frames)
[jobs] record on COM12 → 6s at 3 fps (recording, 4 frames)
[jobs] record on COM12 → 6s at 3 fps (recording, 5 frames)
[jobs] record on COM12 → 6s at 3 fps (recording, 6 frames)
[jobs] record on COM12 → 6s at 3 fps (recording, 7 frames)
[jobs] record on COM12 → 6s at 3 fps (recording, 8 frames)
[jobs] record on COM12 → 6s at 3 fps (recording, 9 frames)
[jobs] record on COM12 → 6s at 3 fps (recording, 10 frames)
[jobs] record on COM12 → 6s at 3 fps (recording, 11 frames)
[jobs] record on COM12 → 6s at 3 fps (recording, 12 frames)
[jobs] record on COM12 → 6s at 3 fps (recording, 13 frames)
[jobs] record on COM12 → 6s at 3 fps (recording, 14 frames)
[jobs] record on COM12 → 6s at 3 fps (recording, 15 frames)
[jobs] record on COM12 → 6s at 3 fps (recording, 16 frames)
[jobs] record on COM12 → 6s at 3 fps (recording, 17 frames)
[jobs] record on COM12 → 6s at 3 fps (recording, 18 frames)
[jobs] record on COM12 → 6s at 3 fps (recording, 19 frames)
[jobs] record on COM12 → 6s at 3 fps (done, 19 frames)
[jobs] record on COM12 → 8s at 3 fps (recording)
[jobs] record on COM12 → 8s at 3 fps (recording)
[jobs] record on COM12 → 8s at 3 fps (recording, 1 frames)
[jobs] record on COM12 → 8s at 3 fps (recording, 2 frames)
[jobs] record on COM12 → 8s at 3 fps (recording, 3 frames)
[jobs] record on COM12 → 8s at 3 fps (recording, 4 frames)
[jobs] record on COM12 → 8s at 3 fps (recording, 5 frames)
[jobs] record on COM12 → 8s at 3 fps (recording, 6 frames)
[jobs] record on COM12 → 8s at 3 fps (recording, 7 frames)
[jobs] record on COM12 → 8s at 3 fps (recording, 8 frames)
[jobs] record on COM12 → 8s at 3 fps (recording, 9 frames)
[jobs] record on COM12 → 8s at 3 fps (recording, 10 frames)
[jobs] record on COM12 → 8s at 3 fps (recording, 11 frames)
[jobs] record on COM12 → 8s at 3 fps (recording, 12 frames)
[jobs] record on COM12 → 8s at 3 fps (recording, 13 frames)
[jobs] record on COM12 → 8s at 3 fps (recording, 14 frames)
[jobs] record on COM12 → 8s at 3 fps (recording, 15 frames)
[jobs] record on COM12 → 8s at 3 fps (recording, 16 frames)
[jobs] record on COM12 → 8s at 3 fps (recording, 17 frames)
[jobs] record on COM12 → 8s at 3 fps (recording, 18 frames)
[jobs] record on COM12 → 8s at 3 fps (recording, 19 frames)
[jobs] record on COM12 → 8s at 3 fps (recording, 20 frames)
[jobs] record on COM12 → 8s at 3 fps (recording, 21 frames)
[jobs] record on COM12 → 8s at 3 fps (recording, 22 frames)
[jobs] record on COM12 → 8s at 3 fps (recording, 23 frames)
[jobs] record on COM12 → 8s at 3 fps (recording, 24 frames)
[jobs] record on COM12 → 8s at 3 fps (recording, 25 frames)
[jobs] record on COM12 → 8s at 3 fps (done, 25 frames)
[api] shutdown requested — the resident rests
catalog: 4 class signature(s) from hardware/classes
suzu resident is up — domains: watcher · devices · moments · sensor · roster
plug a device and watch the house talk. `tell <label>` rings the bell · `status` · `q` quits.
control: `suzu pause` / `suzu resume` stop and restart the stream to devices.
[api] the door is open on http://127.0.0.1:7899 — snapshot + stream, one truth
[control] listening on 127.0.0.1:7898 — `suzu pause` / `suzu resume`
[watcher] sensed COM12
[sensor] ground: stone-leaded-sparkle · cpu 66% · gpu 89% · mem 81% · disk 59% · up 159899s
[watcher] identified COM12 → esp8266-oled-v2-class · esp8266-oled/oled-v2 v1.0.0
[watcher] sensed COM24
[devices] minding COM12 as Some("esp8266-oled-v2-class") (Some("01a0557d-8206-7017-81fb-2dc0ffa1dc32")) — state Accepted
[moments] splash: discovery 01a0557d-8206-7017-81fb-2dc0ffa1dc32
[roster] held 01a0557d-8206-7017-81fb-2dc0ffa1dc32 on COM12 (esp8266-oled-v2-class) — admission decides the stream
[sessions] COM12: consumer translating (suzu/1)
[roster] admission PASSED for 01a0557d-8206-7017-81fb-2dc0ffa1dc32 on COM12 — handshake, ack-law, label-roundtrip, display-truth
[roster] stream attached — 01a0557d-8206-7017-81fb-2dc0ffa1dc32 on COM12
[watcher] identified COM24 → esp8266-oled-v2-class · esp8266-oled/oled-v2 v1.0.0
[devices] minding COM24 as Some("esp8266-oled-v2-class") (Some("01a0557e-c390-7000-aeb5-34dedb9ab551")) — state Accepted
[roster] held 01a0557e-c390-7000-aeb5-34dedb9ab551 on COM24 (esp8266-oled-v2-class) — admission decides the stream
[moments] splash: discovery 01a0557e-c390-7000-aeb5-34dedb9ab551
[sessions] COM24: consumer translating (suzu/1)
[roster] admission PASSED for 01a0557e-c390-7000-aeb5-34dedb9ab551 on COM24 — handshake, ack-law, label-roundtrip, display-truth
[roster] stream attached — 01a0557e-c390-7000-aeb5-34dedb9ab551 on COM24
[roster] stream detached — 01a0557d-8206-7017-81fb-2dc0ffa1dc32 on COM12 (maintenance:soft)
[maintenance] soft saga owns 01a0557d-8206-7017-81fb-2dc0ffa1dc32 on COM12 — the stream is withdrawn
[sessions] COM12: released — fireflies when idle
[maintenance] 01a0557d-8206-7017-81fb-2dc0ffa1dc32 · step 1/2 — Installing the suzu face (portrait-numerals) 
[roster] stream detached — 01a0557e-c390-7000-aeb5-34dedb9ab551 on COM24 (maintenance:soft)
[maintenance] soft saga owns 01a0557e-c390-7000-aeb5-34dedb9ab551 on COM24 — the stream is withdrawn
[sessions] COM24: released — fireflies when idle
[maintenance] 01a0557e-c390-7000-aeb5-34dedb9ab551 · step 1/2 — Installing the suzu face (portrait-numerals) 
[maintenance] 01a0557d-8206-7017-81fb-2dc0ffa1dc32 · step 1/2 — raw REPL confirmed (attempt 1) 
[maintenance] 01a0557d-8206-7017-81fb-2dc0ffa1dc32 · step 1/2 — device files: ['boot.py', 'digits_bebas.bin', 'face.mpy', 'firefly_oled_v2.py', 'icons.bin', 'icons.py', 'main.py', 'profont_10.mpy', 'profont_10.py', 'suzu.json', 'zen-garden.json'] 
[maintenance] 01a0557d-8206-7017-81fb-2dc0ffa1dc32 · step 1/2 — backed up boot.py (473 bytes) 
[maintenance] 01a0557e-c390-7000-aeb5-34dedb9ab551 · step 1/2 — raw REPL confirmed (attempt 1) 
[maintenance] 01a0557e-c390-7000-aeb5-34dedb9ab551 · step 1/2 — device files: ['boot.py', 'digits_bebas.bin', 'face.mpy', 'firefly_oled_v2.py', 'icons.bin', 'icons.py', 'main.py', 'profont_10.mpy', 'profont_10.py', 'suzu.json', 'zen-garden.json'] 
[maintenance] 01a0557d-8206-7017-81fb-2dc0ffa1dc32 · step 1/2 — backed up digits_bebas.bin (539 bytes) 
[maintenance] 01a0557e-c390-7000-aeb5-34dedb9ab551 · step 1/2 — backed up boot.py (473 bytes) 
[maintenance] 01a0557e-c390-7000-aeb5-34dedb9ab551 · step 1/2 — backed up digits_bebas.bin (539 bytes) 
[maintenance] 01a0557d-8206-7017-81fb-2dc0ffa1dc32 · step 1/2 — backed up face.mpy (6296 bytes) 
[maintenance] 01a0557e-c390-7000-aeb5-34dedb9ab551 · step 1/2 — backed up face.mpy (6296 bytes) 
[maintenance] 01a0557d-8206-7017-81fb-2dc0ffa1dc32 · step 1/2 — backed up firefly_oled_v2.py (11504 bytes) 
[maintenance] 01a0557d-8206-7017-81fb-2dc0ffa1dc32 · step 1/2 — backed up icons.bin (64 bytes) 
[maintenance] 01a0557e-c390-7000-aeb5-34dedb9ab551 · step 1/2 — backed up firefly_oled_v2.py (11504 bytes) 
[maintenance] 01a0557e-c390-7000-aeb5-34dedb9ab551 · step 1/2 — backed up icons.bin (64 bytes) 
[maintenance] 01a0557d-8206-7017-81fb-2dc0ffa1dc32 · step 1/2 — backed up icons.py (3354 bytes) 
[maintenance] 01a0557d-8206-7017-81fb-2dc0ffa1dc32 · step 1/2 — backed up main.py (197 bytes) 
[maintenance] 01a0557e-c390-7000-aeb5-34dedb9ab551 · step 1/2 — backed up icons.py (3354 bytes) 
[maintenance] 01a0557e-c390-7000-aeb5-34dedb9ab551 · step 1/2 — backed up main.py (197 bytes) 
[maintenance] 01a0557d-8206-7017-81fb-2dc0ffa1dc32 · step 1/2 — backed up profont_10.mpy (3963 bytes) 
[maintenance] 01a0557e-c390-7000-aeb5-34dedb9ab551 · step 1/2 — backed up profont_10.mpy (3963 bytes) 
[maintenance] 01a0557d-8206-7017-81fb-2dc0ffa1dc32 · step 1/2 — backed up profont_10.py (9362 bytes) 
[maintenance] 01a0557d-8206-7017-81fb-2dc0ffa1dc32 · step 1/2 — backed up suzu.json (203 bytes) 
[maintenance] 01a0557d-8206-7017-81fb-2dc0ffa1dc32 · step 1/2 — backed up zen-garden.json (223 bytes) 
[maintenance] 01a0557d-8206-7017-81fb-2dc0ffa1dc32 · step 1/2 — identity preserved: 01a0557d-8206-7017-81fb-2dc0ffa1dc32 
[maintenance] 01a0557e-c390-7000-aeb5-34dedb9ab551 · step 1/2 — backed up profont_10.py (9362 bytes) 
[maintenance] 01a0557d-8206-7017-81fb-2dc0ffa1dc32 · step 1/2 — pushing 9 files to COM12 ... (faceplate: portrait-numerals) 
[maintenance] 01a0557e-c390-7000-aeb5-34dedb9ab551 · step 1/2 — backed up suzu.json (203 bytes) 
[maintenance] 01a0557e-c390-7000-aeb5-34dedb9ab551 · step 1/2 — backed up zen-garden.json (223 bytes) 
[maintenance] 01a0557e-c390-7000-aeb5-34dedb9ab551 · step 1/2 — identity preserved: 01a0557e-c390-7000-aeb5-34dedb9ab551 
[maintenance] 01a0557e-c390-7000-aeb5-34dedb9ab551 · step 1/2 — pushing 9 files to COM24 ... (faceplate: portrait-numerals) 
[maintenance] 01a0557d-8206-7017-81fb-2dc0ffa1dc32 · step 1/2 — raw REPL confirmed (attempt 1) 
[maintenance] 01a0557d-8206-7017-81fb-2dc0ffa1dc32 · step 1/2 — OK boot.py (473 bytes verified) 
[maintenance] 01a0557e-c390-7000-aeb5-34dedb9ab551 · step 1/2 — raw REPL confirmed (attempt 1) 
[maintenance] 01a0557e-c390-7000-aeb5-34dedb9ab551 · step 1/2 — OK boot.py (473 bytes verified) 
[maintenance] 01a0557d-8206-7017-81fb-2dc0ffa1dc32 · step 1/2 — raw REPL confirmed (attempt 1) 
[maintenance] 01a0557e-c390-7000-aeb5-34dedb9ab551 · step 1/2 — raw REPL confirmed (attempt 1) 
[maintenance] 01a0557d-8206-7017-81fb-2dc0ffa1dc32 · step 1/2 — OK firefly_oled_v2.py (11504 bytes verified) 
[maintenance] 01a0557e-c390-7000-aeb5-34dedb9ab551 · step 1/2 — OK firefly_oled_v2.py (11504 bytes verified) 
[maintenance] 01a0557d-8206-7017-81fb-2dc0ffa1dc32 · step 1/2 — raw REPL confirmed (attempt 1) 
[maintenance] 01a0557e-c390-7000-aeb5-34dedb9ab551 · step 1/2 — raw REPL confirmed (attempt 1) 
[maintenance] 01a0557d-8206-7017-81fb-2dc0ffa1dc32 · step 1/2 — OK icons.py (3354 bytes verified) 
[maintenance] 01a0557e-c390-7000-aeb5-34dedb9ab551 · step 1/2 — OK icons.py (3354 bytes verified) 
[maintenance] 01a0557d-8206-7017-81fb-2dc0ffa1dc32 · step 1/2 — raw REPL confirmed (attempt 1) 
[maintenance] 01a0557e-c390-7000-aeb5-34dedb9ab551 · step 1/2 — raw REPL confirmed (attempt 1) 
[maintenance] 01a0557d-8206-7017-81fb-2dc0ffa1dc32 · step 1/2 — OK profont_10.py (9362 bytes verified) 
[maintenance] 01a0557e-c390-7000-aeb5-34dedb9ab551 · step 1/2 — OK profont_10.py (9362 bytes verified) 
[maintenance] 01a0557d-8206-7017-81fb-2dc0ffa1dc32 · step 1/2 — raw REPL confirmed (attempt 1) 
[maintenance] 01a0557d-8206-7017-81fb-2dc0ffa1dc32 · step 1/2 — OK suzu.json (203 bytes verified) 
[maintenance] 01a0557e-c390-7000-aeb5-34dedb9ab551 · step 1/2 — raw REPL confirmed (attempt 1) 
[maintenance] 01a0557e-c390-7000-aeb5-34dedb9ab551 · step 1/2 — OK suzu.json (203 bytes verified) 
[maintenance] 01a0557d-8206-7017-81fb-2dc0ffa1dc32 · step 1/2 — raw REPL confirmed (attempt 1) 
[maintenance] 01a0557d-8206-7017-81fb-2dc0ffa1dc32 · step 1/2 — OK main.py (197 bytes verified) 
[maintenance] 01a0557e-c390-7000-aeb5-34dedb9ab551 · step 1/2 — raw REPL confirmed (attempt 1) 
[maintenance] 01a0557e-c390-7000-aeb5-34dedb9ab551 · step 1/2 — OK main.py (197 bytes verified) 
[maintenance] 01a0557d-8206-7017-81fb-2dc0ffa1dc32 · step 1/2 — raw REPL confirmed (attempt 1) 
[maintenance] 01a0557e-c390-7000-aeb5-34dedb9ab551 · step 1/2 — raw REPL confirmed (attempt 1) 
[maintenance] 01a0557d-8206-7017-81fb-2dc0ffa1dc32 · step 1/2 — OK face.mpy (6298 bytes verified) 
[maintenance] 01a0557e-c390-7000-aeb5-34dedb9ab551 · step 1/2 — OK face.mpy (6298 bytes verified) 
[maintenance] 01a0557d-8206-7017-81fb-2dc0ffa1dc32 · step 1/2 — raw REPL confirmed (attempt 1) 
[maintenance] 01a0557d-8206-7017-81fb-2dc0ffa1dc32 · step 1/2 — OK digits_bebas.bin (539 bytes verified) 
[maintenance] 01a0557e-c390-7000-aeb5-34dedb9ab551 · step 1/2 — raw REPL confirmed (attempt 1) 
[maintenance] 01a0557e-c390-7000-aeb5-34dedb9ab551 · step 1/2 — OK digits_bebas.bin (539 bytes verified) 
[maintenance] 01a0557d-8206-7017-81fb-2dc0ffa1dc32 · step 1/2 — raw REPL confirmed (attempt 1) 
[maintenance] 01a0557d-8206-7017-81fb-2dc0ffa1dc32 · step 1/2 — OK icons.bin (64 bytes verified) 
[maintenance] 01a0557d-8206-7017-81fb-2dc0ffa1dc32 · step 1/2 — rebooted into suzu — run `suzu scan` to verify the handshake 
[maintenance] 01a0557d-8206-7017-81fb-2dc0ffa1dc32 · step 2/2 — Handing to the exam 
[maintenance] 01a0557e-c390-7000-aeb5-34dedb9ab551 · step 1/2 — raw REPL confirmed (attempt 1) 
[maintenance] 01a0557e-c390-7000-aeb5-34dedb9ab551 · step 1/2 — OK icons.bin (64 bytes verified) 
[maintenance] 01a0557e-c390-7000-aeb5-34dedb9ab551 · step 1/2 — rebooted into suzu — run `suzu scan` to verify the handshake 
[maintenance] 01a0557e-c390-7000-aeb5-34dedb9ab551 · step 2/2 — Handing to the exam 
[maintenance] COM12: re-identified as esp8266-oled/oled-v2 — respawning
[maintenance] soft saga done for 01a0557d-8206-7017-81fb-2dc0ffa1dc32 — admission decides the stream
[sessions] COM12: consumer translating (suzu/1)
[roster] admission PASSED for 01a0557d-8206-7017-81fb-2dc0ffa1dc32 on COM12 — handshake, ack-law, label-roundtrip, display-truth
[roster] stream attached — 01a0557d-8206-7017-81fb-2dc0ffa1dc32 on COM12
[maintenance] COM24: re-identified as esp8266-oled/oled-v2 — respawning
[maintenance] soft saga done for 01a0557e-c390-7000-aeb5-34dedb9ab551 — admission decides the stream
[sessions] COM24: consumer translating (suzu/1)
[roster] admission PASSED for 01a0557e-c390-7000-aeb5-34dedb9ab551 on COM24 — handshake, ack-law, label-roundtrip, display-truth
[roster] stream attached — 01a0557e-c390-7000-aeb5-34dedb9ab551 on COM24
[media] the media lane is watched — the faces blink for the window
[jobs] record on COM12 → 8s at 3 fps (recording)
[jobs] record on COM12 → 8s at 3 fps (recording)
[jobs] record on COM12 → 8s at 3 fps (recording, 1 frames)
[jobs] record on COM12 → 8s at 3 fps (recording, 2 frames)
[jobs] record on COM12 → 8s at 3 fps (recording, 3 frames)
[jobs] record on COM12 → 8s at 3 fps (recording, 4 frames)
[jobs] record on COM12 → 8s at 3 fps (recording, 5 frames)
[jobs] record on COM12 → 8s at 3 fps (recording, 6 frames)
[jobs] record on COM12 → 8s at 3 fps (recording, 7 frames)
[jobs] record on COM12 → 8s at 3 fps (recording, 8 frames)
[jobs] record on COM12 → 8s at 3 fps (recording, 9 frames)
[jobs] record on COM12 → 8s at 3 fps (recording, 10 frames)
[jobs] record on COM12 → 8s at 3 fps (recording, 11 frames)
[jobs] record on COM12 → 8s at 3 fps (recording, 12 frames)
[jobs] record on COM12 → 8s at 3 fps (recording, 13 frames)
[jobs] record on COM12 → 8s at 3 fps (recording, 14 frames)
[jobs] record on COM12 → 8s at 3 fps (recording, 15 frames)
[jobs] record on COM12 → 8s at 3 fps (recording, 16 frames)
[jobs] record on COM12 → 8s at 3 fps (recording, 17 frames)
[jobs] record on COM12 → 8s at 3 fps (recording, 18 frames)
[jobs] record on COM12 → 8s at 3 fps (recording, 19 frames)
[jobs] record on COM12 → 8s at 3 fps (recording, 20 frames)
[jobs] record on COM12 → 8s at 3 fps (recording, 21 frames)
[jobs] record on COM12 → 8s at 3 fps (recording, 22 frames)
[jobs] record on COM12 → 8s at 3 fps (recording, 23 frames)
[jobs] record on COM12 → 8s at 3 fps (recording, 24 frames)
[jobs] record on COM12 → 8s at 3 fps (done, 24 frames)
[roster] stream detached — 01a0557d-8206-7017-81fb-2dc0ffa1dc32 on COM12 (maintenance:soft)
[maintenance] soft saga owns 01a0557d-8206-7017-81fb-2dc0ffa1dc32 on COM12 — the stream is withdrawn
[sessions] COM12: released — fireflies when idle
[maintenance] 01a0557d-8206-7017-81fb-2dc0ffa1dc32 · step 1/2 — Installing the suzu face (portrait-numerals-inverted) 
[maintenance] 01a0557d-8206-7017-81fb-2dc0ffa1dc32 · step 1/2 — raw REPL confirmed (attempt 1) 
[maintenance] 01a0557d-8206-7017-81fb-2dc0ffa1dc32 · step 1/2 — device files: ['boot.py', 'digits_bebas.bin', 'face.mpy', 'firefly_oled_v2.py', 'icons.bin', 'icons.py', 'main.py', 'profont_10.mpy', 'profont_10.py', 'suzu.json', 'zen-garden.json'] 
[maintenance] 01a0557d-8206-7017-81fb-2dc0ffa1dc32 · step 1/2 — backed up boot.py (473 bytes) 
[maintenance] 01a0557d-8206-7017-81fb-2dc0ffa1dc32 · step 1/2 — backed up digits_bebas.bin (539 bytes) 
[maintenance] 01a0557d-8206-7017-81fb-2dc0ffa1dc32 · step 1/2 — backed up face.mpy (6298 bytes) 
[maintenance] 01a0557d-8206-7017-81fb-2dc0ffa1dc32 · step 1/2 — backed up firefly_oled_v2.py (11504 bytes) 
[maintenance] 01a0557d-8206-7017-81fb-2dc0ffa1dc32 · step 1/2 — backed up icons.bin (64 bytes) 
[maintenance] 01a0557d-8206-7017-81fb-2dc0ffa1dc32 · step 1/2 — backed up icons.py (3354 bytes) 
[maintenance] 01a0557d-8206-7017-81fb-2dc0ffa1dc32 · step 1/2 — backed up main.py (197 bytes) 
[maintenance] 01a0557d-8206-7017-81fb-2dc0ffa1dc32 · step 1/2 — backed up profont_10.mpy (3963 bytes) 
[maintenance] 01a0557d-8206-7017-81fb-2dc0ffa1dc32 · step 1/2 — backed up profont_10.py (9362 bytes) 
[maintenance] 01a0557d-8206-7017-81fb-2dc0ffa1dc32 · step 1/2 — backed up suzu.json (203 bytes) 
[maintenance] 01a0557d-8206-7017-81fb-2dc0ffa1dc32 · step 1/2 — backed up zen-garden.json (223 bytes) 
[maintenance] 01a0557d-8206-7017-81fb-2dc0ffa1dc32 · step 1/2 — identity preserved: 01a0557d-8206-7017-81fb-2dc0ffa1dc32 
[maintenance] 01a0557d-8206-7017-81fb-2dc0ffa1dc32 · step 1/2 — pushing 9 files to COM12 ... (faceplate: portrait-numerals-inverted) 
[maintenance] 01a0557d-8206-7017-81fb-2dc0ffa1dc32 · step 1/2 — raw REPL confirmed (attempt 1) 
[maintenance] 01a0557d-8206-7017-81fb-2dc0ffa1dc32 · step 1/2 — OK boot.py (473 bytes verified) 
[maintenance] 01a0557d-8206-7017-81fb-2dc0ffa1dc32 · step 1/2 — raw REPL confirmed (attempt 1) 
[maintenance] 01a0557d-8206-7017-81fb-2dc0ffa1dc32 · step 1/2 — OK firefly_oled_v2.py (11504 bytes verified) 
[maintenance] 01a0557d-8206-7017-81fb-2dc0ffa1dc32 · step 1/2 — raw REPL confirmed (attempt 1) 
[maintenance] 01a0557d-8206-7017-81fb-2dc0ffa1dc32 · step 1/2 — OK icons.py (3354 bytes verified) 
[maintenance] 01a0557d-8206-7017-81fb-2dc0ffa1dc32 · step 1/2 — raw REPL confirmed (attempt 1) 
[maintenance] 01a0557d-8206-7017-81fb-2dc0ffa1dc32 · step 1/2 — OK profont_10.py (9362 bytes verified) 
[maintenance] 01a0557d-8206-7017-81fb-2dc0ffa1dc32 · step 1/2 — raw REPL confirmed (attempt 1) 
[maintenance] 01a0557d-8206-7017-81fb-2dc0ffa1dc32 · step 1/2 — OK suzu.json (212 bytes verified) 
[maintenance] 01a0557d-8206-7017-81fb-2dc0ffa1dc32 · step 1/2 — raw REPL confirmed (attempt 1) 
[maintenance] 01a0557d-8206-7017-81fb-2dc0ffa1dc32 · step 1/2 — OK main.py (197 bytes verified) 
[maintenance] 01a0557d-8206-7017-81fb-2dc0ffa1dc32 · step 1/2 — raw REPL confirmed (attempt 1) 
[maintenance] 01a0557d-8206-7017-81fb-2dc0ffa1dc32 · step 1/2 — OK face.mpy (6401 bytes verified) 
[maintenance] 01a0557d-8206-7017-81fb-2dc0ffa1dc32 · step 1/2 — raw REPL confirmed (attempt 1) 
[maintenance] 01a0557d-8206-7017-81fb-2dc0ffa1dc32 · step 1/2 — OK digits_bebas.bin (539 bytes verified) 
[maintenance] 01a0557d-8206-7017-81fb-2dc0ffa1dc32 · step 1/2 — raw REPL confirmed (attempt 1) 
[maintenance] 01a0557d-8206-7017-81fb-2dc0ffa1dc32 · step 1/2 — OK icons.bin (64 bytes verified) 
[maintenance] 01a0557d-8206-7017-81fb-2dc0ffa1dc32 · step 1/2 — rebooted into suzu — run `suzu scan` to verify the handshake 
[maintenance] 01a0557d-8206-7017-81fb-2dc0ffa1dc32 · step 2/2 — Handing to the exam 
[maintenance] COM12: re-identified as esp8266-oled/oled-v2 — respawning
[maintenance] soft saga done for 01a0557d-8206-7017-81fb-2dc0ffa1dc32 — admission decides the stream
[sessions] COM12: consumer translating (suzu/1)
[roster] admission PASSED for 01a0557d-8206-7017-81fb-2dc0ffa1dc32 on COM12 — handshake, ack-law, label-roundtrip, display-truth
[roster] stream attached — 01a0557d-8206-7017-81fb-2dc0ffa1dc32 on COM12
[jobs] record on COM12 → 8s at 3 fps (recording)
[jobs] record on COM12 → 8s at 3 fps (recording)
[jobs] record on COM12 → 8s at 3 fps (recording, 1 frames)
[jobs] record on COM12 → 8s at 3 fps (recording, 2 frames)
[jobs] record on COM12 → 8s at 3 fps (recording, 3 frames)
[jobs] record on COM12 → 8s at 3 fps (recording, 4 frames)
[jobs] record on COM12 → 8s at 3 fps (recording, 5 frames)
[jobs] record on COM12 → 8s at 3 fps (recording, 6 frames)
[jobs] record on COM12 → 8s at 3 fps (recording, 7 frames)
[jobs] record on COM12 → 8s at 3 fps (recording, 8 frames)
[jobs] record on COM12 → 8s at 3 fps (recording, 9 frames)
[jobs] record on COM12 → 8s at 3 fps (recording, 10 frames)
[jobs] record on COM12 → 8s at 3 fps (recording, 11 frames)
[jobs] record on COM12 → 8s at 3 fps (recording, 12 frames)
[jobs] record on COM12 → 8s at 3 fps (recording, 13 frames)
[jobs] record on COM12 → 8s at 3 fps (recording, 14 frames)
[jobs] record on COM12 → 8s at 3 fps (recording, 15 frames)
[jobs] record on COM12 → 8s at 3 fps (recording, 16 frames)
[jobs] record on COM12 → 8s at 3 fps (recording, 17 frames)
[jobs] record on COM12 → 8s at 3 fps (recording, 18 frames)
[jobs] record on COM12 → 8s at 3 fps (recording, 19 frames)
[jobs] record on COM12 → 8s at 3 fps (recording, 20 frames)
[jobs] record on COM12 → 8s at 3 fps (recording, 21 frames)
[jobs] record on COM12 → 8s at 3 fps (recording, 22 frames)
[jobs] record on COM12 → 8s at 3 fps (recording, 23 frames)
[jobs] record on COM12 → 8s at 3 fps (recording, 24 frames)
[jobs] record on COM12 → 8s at 3 fps (done, 24 frames)
[roster] stream detached — 01a0557d-8206-7017-81fb-2dc0ffa1dc32 on COM12 (maintenance:soft)
[maintenance] soft saga owns 01a0557d-8206-7017-81fb-2dc0ffa1dc32 on COM12 — the stream is withdrawn
[sessions] COM12: released — fireflies when idle
[maintenance] 01a0557d-8206-7017-81fb-2dc0ffa1dc32 · step 1/2 — Installing the suzu face (portrait-numerals) 
[maintenance] 01a0557d-8206-7017-81fb-2dc0ffa1dc32 · step 1/2 — raw REPL confirmed (attempt 1) 
[maintenance] 01a0557d-8206-7017-81fb-2dc0ffa1dc32 · step 1/2 — device files: ['boot.py', 'digits_bebas.bin', 'face.mpy', 'firefly_oled_v2.py', 'icons.bin', 'icons.py', 'main.py', 'profont_10.mpy', 'profont_10.py', 'suzu.json', 'zen-garden.json'] 
[maintenance] 01a0557d-8206-7017-81fb-2dc0ffa1dc32 · step 1/2 — backed up boot.py (473 bytes) 
[maintenance] 01a0557d-8206-7017-81fb-2dc0ffa1dc32 · step 1/2 — backed up digits_bebas.bin (539 bytes) 
[maintenance] 01a0557d-8206-7017-81fb-2dc0ffa1dc32 · step 1/2 — backed up face.mpy (6401 bytes) 
[maintenance] 01a0557d-8206-7017-81fb-2dc0ffa1dc32 · step 1/2 — backed up firefly_oled_v2.py (11504 bytes) 
[maintenance] 01a0557d-8206-7017-81fb-2dc0ffa1dc32 · step 1/2 — backed up icons.bin (64 bytes) 
[maintenance] 01a0557d-8206-7017-81fb-2dc0ffa1dc32 · step 1/2 — backed up icons.py (3354 bytes) 
[maintenance] 01a0557d-8206-7017-81fb-2dc0ffa1dc32 · step 1/2 — backed up main.py (197 bytes) 
[maintenance] 01a0557d-8206-7017-81fb-2dc0ffa1dc32 · step 1/2 — backed up profont_10.mpy (3963 bytes) 
[maintenance] 01a0557d-8206-7017-81fb-2dc0ffa1dc32 · step 1/2 — backed up profont_10.py (9362 bytes) 
[maintenance] 01a0557d-8206-7017-81fb-2dc0ffa1dc32 · step 1/2 — backed up suzu.json (212 bytes) 
[maintenance] 01a0557d-8206-7017-81fb-2dc0ffa1dc32 · step 1/2 — backed up zen-garden.json (223 bytes) 
[maintenance] 01a0557d-8206-7017-81fb-2dc0ffa1dc32 · step 1/2 — identity preserved: 01a0557d-8206-7017-81fb-2dc0ffa1dc32 
[maintenance] 01a0557d-8206-7017-81fb-2dc0ffa1dc32 · step 1/2 — pushing 9 files to COM12 ... (faceplate: portrait-numerals) 
[maintenance] 01a0557d-8206-7017-81fb-2dc0ffa1dc32 · step 1/2 — raw REPL confirmed (attempt 1) 
[maintenance] 01a0557d-8206-7017-81fb-2dc0ffa1dc32 · step 1/2 — OK boot.py (473 bytes verified) 
[maintenance] 01a0557d-8206-7017-81fb-2dc0ffa1dc32 · step 1/2 — raw REPL confirmed (attempt 1) 
[maintenance] 01a0557d-8206-7017-81fb-2dc0ffa1dc32 · step 1/2 — OK firefly_oled_v2.py (11504 bytes verified) 
[maintenance] 01a0557d-8206-7017-81fb-2dc0ffa1dc32 · step 1/2 — raw REPL confirmed (attempt 1) 
[maintenance] 01a0557d-8206-7017-81fb-2dc0ffa1dc32 · step 1/2 — OK icons.py (3354 bytes verified) 
[maintenance] 01a0557d-8206-7017-81fb-2dc0ffa1dc32 · step 1/2 — raw REPL confirmed (attempt 1) 
[maintenance] 01a0557d-8206-7017-81fb-2dc0ffa1dc32 · step 1/2 — OK profont_10.py (9362 bytes verified) 
[maintenance] 01a0557d-8206-7017-81fb-2dc0ffa1dc32 · step 1/2 — raw REPL confirmed (attempt 1) 
[maintenance] 01a0557d-8206-7017-81fb-2dc0ffa1dc32 · step 1/2 — OK suzu.json (203 bytes verified) 
[maintenance] 01a0557d-8206-7017-81fb-2dc0ffa1dc32 · step 1/2 — raw REPL confirmed (attempt 1) 
[maintenance] 01a0557d-8206-7017-81fb-2dc0ffa1dc32 · step 1/2 — OK main.py (197 bytes verified) 
[maintenance] 01a0557d-8206-7017-81fb-2dc0ffa1dc32 · step 1/2 — raw REPL confirmed (attempt 1) 
[maintenance] 01a0557d-8206-7017-81fb-2dc0ffa1dc32 · step 1/2 — OK face.mpy (6298 bytes verified) 
[maintenance] 01a0557d-8206-7017-81fb-2dc0ffa1dc32 · step 1/2 — raw REPL confirmed (attempt 1) 
[maintenance] 01a0557d-8206-7017-81fb-2dc0ffa1dc32 · step 1/2 — OK digits_bebas.bin (539 bytes verified) 
[maintenance] 01a0557d-8206-7017-81fb-2dc0ffa1dc32 · step 1/2 — raw REPL confirmed (attempt 1) 
[maintenance] 01a0557d-8206-7017-81fb-2dc0ffa1dc32 · step 1/2 — OK icons.bin (64 bytes verified) 
[maintenance] 01a0557d-8206-7017-81fb-2dc0ffa1dc32 · step 1/2 — rebooted into suzu — run `suzu scan` to verify the handshake 
[maintenance] 01a0557d-8206-7017-81fb-2dc0ffa1dc32 · step 2/2 — Handing to the exam 
[maintenance] COM12: re-identified as esp8266-oled/oled-v2 — respawning
[maintenance] soft saga done for 01a0557d-8206-7017-81fb-2dc0ffa1dc32 — admission decides the stream
[sessions] COM12: consumer translating (suzu/1)
[roster] admission PASSED for 01a0557d-8206-7017-81fb-2dc0ffa1dc32 on COM12 — handshake, ack-law, label-roundtrip, display-truth
[roster] stream attached — 01a0557d-8206-7017-81fb-2dc0ffa1dc32 on COM12
[watcher] gone COM24
[devices] released COM24 (Some("01a0557e-c390-7000-aeb5-34dedb9ab551")) — the roster remembers them
[moments] splash: departure 01a0557e-c390-7000-aeb5-34dedb9ab551
[roster] stream detached — 01a0557e-c390-7000-aeb5-34dedb9ab551 on COM24 (departed)
[sessions] COM24: released — fireflies when idle
[api] shutdown requested — the resident rests
catalog: 4 class signature(s) from hardware/classes
suzu resident is up — domains: watcher · devices · moments · sensor · roster
plug a device and watch the house talk. `tell <label>` rings the bell · `status` · `q` quits.
control: `suzu pause` / `suzu resume` stop and restart the stream to devices.
[api] the door is open on http://127.0.0.1:7899 — snapshot + stream, one truth
[control] listening on 127.0.0.1:7898 — `suzu pause` / `suzu resume`
[watcher] sensed COM12
[sensor] ground: stone-leaded-sparkle · cpu 8% · gpu 2% · mem 67% · disk 59% · up 162607s
[watcher] identified COM12 → esp8266-oled-v2-class · esp8266-oled/oled-v2 v1.0.0
[devices] minding COM12 as Some("esp8266-oled-v2-class") (Some("01a0557d-8206-7017-81fb-2dc0ffa1dc32")) — state Accepted
[roster] held 01a0557d-8206-7017-81fb-2dc0ffa1dc32 on COM12 (esp8266-oled-v2-class) — admission decides the stream
[moments] splash: discovery 01a0557d-8206-7017-81fb-2dc0ffa1dc32
[sessions] COM12: consumer translating (suzu/1)
[roster] admission FAILED for 01a0557d-8206-7017-81fb-2dc0ffa1dc32 on COM12 — handshake, ack-law, label-roundtrip, ✗ display-truth
[roster] stream detached — 01a0557d-8206-7017-81fb-2dc0ffa1dc32 on COM12 (admission failed)
[roster] stream detached — 01a0557d-8206-7017-81fb-2dc0ffa1dc32 on COM12 (maintenance:soft)
[maintenance] soft saga owns 01a0557d-8206-7017-81fb-2dc0ffa1dc32 on COM12 — the stream is withdrawn
[sessions] COM12: released — fireflies when idle
[maintenance] 01a0557d-8206-7017-81fb-2dc0ffa1dc32 · step 1/2 — Installing the suzu face (portrait-numerals) 
[maintenance] 01a0557d-8206-7017-81fb-2dc0ffa1dc32 · step 1/2 — raw REPL confirmed (attempt 1) 
[maintenance] 01a0557d-8206-7017-81fb-2dc0ffa1dc32 · step 1/2 — device files: ['boot.py', 'digits_bebas.bin', 'face.mpy', 'firefly_oled_v2.py', 'icons.bin', 'icons.py', 'main.py', 'profont_10.mpy', 'profont_10.py', 'suzu.json', 'zen-garden.json'] 
[maintenance] 01a0557d-8206-7017-81fb-2dc0ffa1dc32 · step 1/2 — backed up boot.py (473 bytes) 
[maintenance] 01a0557d-8206-7017-81fb-2dc0ffa1dc32 · step 1/2 — backed up digits_bebas.bin (539 bytes) 
[maintenance] 01a0557d-8206-7017-81fb-2dc0ffa1dc32 · step 1/2 — backed up face.mpy (6298 bytes) 
[maintenance] 01a0557d-8206-7017-81fb-2dc0ffa1dc32 · step 1/2 — backed up firefly_oled_v2.py (11504 bytes) 
[maintenance] 01a0557d-8206-7017-81fb-2dc0ffa1dc32 · step 1/2 — backed up icons.bin (64 bytes) 
[maintenance] 01a0557d-8206-7017-81fb-2dc0ffa1dc32 · step 1/2 — backed up icons.py (3354 bytes) 
[maintenance] 01a0557d-8206-7017-81fb-2dc0ffa1dc32 · step 1/2 — backed up main.py (197 bytes) 
[maintenance] 01a0557d-8206-7017-81fb-2dc0ffa1dc32 · step 1/2 — backed up profont_10.mpy (3963 bytes) 
[maintenance] 01a0557d-8206-7017-81fb-2dc0ffa1dc32 · step 1/2 — backed up profont_10.py (9362 bytes) 
[maintenance] 01a0557d-8206-7017-81fb-2dc0ffa1dc32 · step 1/2 — backed up suzu.json (203 bytes) 
[maintenance] 01a0557d-8206-7017-81fb-2dc0ffa1dc32 · step 1/2 — backed up zen-garden.json (223 bytes) 
[maintenance] 01a0557d-8206-7017-81fb-2dc0ffa1dc32 · step 1/2 — identity preserved: 01a0557d-8206-7017-81fb-2dc0ffa1dc32 
[maintenance] 01a0557d-8206-7017-81fb-2dc0ffa1dc32 · step 1/2 — pushing 9 files to COM12 ... (faceplate: portrait-numerals) 
[maintenance] 01a0557d-8206-7017-81fb-2dc0ffa1dc32 · step 1/2 — raw REPL confirmed (attempt 1) 
[maintenance] 01a0557d-8206-7017-81fb-2dc0ffa1dc32 · step 1/2 — OK boot.py (473 bytes verified) 
[maintenance] 01a0557d-8206-7017-81fb-2dc0ffa1dc32 · step 1/2 — raw REPL confirmed (attempt 1) 
[maintenance] 01a0557d-8206-7017-81fb-2dc0ffa1dc32 · step 1/2 — OK firefly_oled_v2.py (11504 bytes verified) 
[maintenance] 01a0557d-8206-7017-81fb-2dc0ffa1dc32 · step 1/2 — raw REPL confirmed (attempt 1) 
[maintenance] 01a0557d-8206-7017-81fb-2dc0ffa1dc32 · step 1/2 — OK icons.py (3354 bytes verified) 
[maintenance] 01a0557d-8206-7017-81fb-2dc0ffa1dc32 · step 1/2 — raw REPL confirmed (attempt 1) 
[maintenance] 01a0557d-8206-7017-81fb-2dc0ffa1dc32 · step 1/2 — OK profont_10.py (9362 bytes verified) 
[maintenance] 01a0557d-8206-7017-81fb-2dc0ffa1dc32 · step 1/2 — raw REPL confirmed (attempt 1) 
[maintenance] 01a0557d-8206-7017-81fb-2dc0ffa1dc32 · step 1/2 — OK suzu.json (203 bytes verified) 
[maintenance] 01a0557d-8206-7017-81fb-2dc0ffa1dc32 · step 1/2 — raw REPL confirmed (attempt 1) 
[maintenance] 01a0557d-8206-7017-81fb-2dc0ffa1dc32 · step 1/2 — OK main.py (197 bytes verified) 
[maintenance] 01a0557d-8206-7017-81fb-2dc0ffa1dc32 · step 1/2 — raw REPL confirmed (attempt 1) 
[maintenance] 01a0557d-8206-7017-81fb-2dc0ffa1dc32 · step 1/2 — OK face.mpy (6497 bytes verified) 
[maintenance] 01a0557d-8206-7017-81fb-2dc0ffa1dc32 · step 1/2 — raw REPL confirmed (attempt 1) 
[maintenance] 01a0557d-8206-7017-81fb-2dc0ffa1dc32 · step 1/2 — OK digits_bebas.bin (539 bytes verified) 
[maintenance] 01a0557d-8206-7017-81fb-2dc0ffa1dc32 · step 1/2 — raw REPL confirmed (attempt 1) 
[maintenance] 01a0557d-8206-7017-81fb-2dc0ffa1dc32 · step 1/2 — OK icons.bin (64 bytes verified) 
[maintenance] 01a0557d-8206-7017-81fb-2dc0ffa1dc32 · step 1/2 — rebooted into suzu — run `suzu scan` to verify the handshake 
[maintenance] 01a0557d-8206-7017-81fb-2dc0ffa1dc32 · step 2/2 — Handing to the exam 
[maintenance] COM12: re-identified as esp8266-oled/oled-v2 — respawning
[maintenance] soft saga done for 01a0557d-8206-7017-81fb-2dc0ffa1dc32 — admission decides the stream
[sessions] COM12: consumer translating (suzu/1)
[roster] admission FAILED for 01a0557d-8206-7017-81fb-2dc0ffa1dc32 on COM12 — handshake, ack-law, label-roundtrip, ✗ display-truth
[roster] stream detached — 01a0557d-8206-7017-81fb-2dc0ffa1dc32 on COM12 (admission failed)
[api] shutdown requested — the resident rests
catalog: 4 class signature(s) from hardware/classes
suzu resident is up — domains: watcher · devices · moments · sensor · roster
plug a device and watch the house talk. `tell <label>` rings the bell · `status` · `q` quits.
control: `suzu pause` / `suzu resume` stop and restart the stream to devices.
[api] the door is open on http://127.0.0.1:7899 — snapshot + stream, one truth
[control] listening on 127.0.0.1:7898 — `suzu pause` / `suzu resume`
[watcher] sensed COM12
[sensor] ground: stone-leaded-sparkle · cpu 6% · gpu 2% · mem 67% · disk 59% · up 163017s
[watcher] identified COM12 → esp8266-oled-v2-class · esp8266-oled/oled-v2 v1.0.0
[devices] minding COM12 as Some("esp8266-oled-v2-class") (Some("01a0557d-8206-7017-81fb-2dc0ffa1dc32")) — state Accepted
[moments] splash: discovery 01a0557d-8206-7017-81fb-2dc0ffa1dc32
[roster] held 01a0557d-8206-7017-81fb-2dc0ffa1dc32 on COM12 (esp8266-oled-v2-class) — admission decides the stream
[sessions] COM12: consumer translating (suzu/1)
[roster] admission FAILED for 01a0557d-8206-7017-81fb-2dc0ffa1dc32 on COM12 — handshake, ack-law, label-roundtrip, ✗ display-truth
[roster] stream detached — 01a0557d-8206-7017-81fb-2dc0ffa1dc32 on COM12 (admission failed)
[api] shutdown requested — the resident rests
catalog: 4 class signature(s) from hardware/classes
suzu resident is up — domains: watcher · devices · moments · sensor · roster
plug a device and watch the house talk. `tell <label>` rings the bell · `status` · `q` quits.
control: `suzu pause` / `suzu resume` stop and restart the stream to devices.
[api] the door is open on http://127.0.0.1:7899 — snapshot + stream, one truth
[control] listening on 127.0.0.1:7898 — `suzu pause` / `suzu resume`
[watcher] sensed COM12
[sensor] ground: stone-leaded-sparkle · cpu 7% · gpu 2% · mem 67% · disk 59% · up 163093s
[watcher] identified COM12 → esp8266-oled-v2-class · esp8266-oled/oled-v2 v1.0.0
[devices] minding COM12 as Some("esp8266-oled-v2-class") (Some("01a0557d-8206-7017-81fb-2dc0ffa1dc32")) — state Accepted
[moments] splash: discovery 01a0557d-8206-7017-81fb-2dc0ffa1dc32
[roster] held 01a0557d-8206-7017-81fb-2dc0ffa1dc32 on COM12 (esp8266-oled-v2-class) — admission decides the stream
[sessions] COM12: consumer translating (suzu/1)
[roster] admission PASSED for 01a0557d-8206-7017-81fb-2dc0ffa1dc32 on COM12 — handshake, ack-law, label-roundtrip, display-truth
[roster] stream attached — 01a0557d-8206-7017-81fb-2dc0ffa1dc32 on COM12
[media] the media lane is watched — the faces blink for the window
[api] shutdown requested — the resident rests
catalog: 4 class signature(s) from hardware/classes
suzu resident is up — domains: watcher · devices · moments · sensor · roster
plug a device and watch the house talk. `tell <label>` rings the bell · `status` · `q` quits.
control: `suzu pause` / `suzu resume` stop and restart the stream to devices.
[api] the door is open on http://127.0.0.1:7899 — snapshot + stream, one truth
[control] listening on 127.0.0.1:7898 — `suzu pause` / `suzu resume`
[watcher] sensed COM12
[sensor] ground: stone-leaded-sparkle · cpu 54% · gpu 93% · mem 80% · disk 59% · up 163945s
[watcher] identified COM12 → esp8266-oled-v2-class · esp8266-oled/oled-v2 v1.0.0
[devices] minding COM12 as Some("esp8266-oled-v2-class") (Some("01a0557d-8206-7017-81fb-2dc0ffa1dc32")) — state Accepted
[moments] splash: discovery 01a0557d-8206-7017-81fb-2dc0ffa1dc32
[roster] held 01a0557d-8206-7017-81fb-2dc0ffa1dc32 on COM12 (esp8266-oled-v2-class) — admission decides the stream
[sessions] COM12: consumer translating (suzu/1)
[roster] admission PASSED for 01a0557d-8206-7017-81fb-2dc0ffa1dc32 on COM12 — handshake, ack-law, label-roundtrip, display-truth
[roster] stream attached — 01a0557d-8206-7017-81fb-2dc0ffa1dc32 on COM12
[media] the media lane is watched — the faces blink for the window
[sensor] ground: stone-leaded-sparkle · cpu 8% · gpu 1% · mem 68% · disk 59% · up 165553s
[media] media unwatched — the faces rest their blinks
[sensor] ground: stone-leaded-sparkle · cpu 7% · gpu 1% · mem 69% · disk 59% · up 166952s
[media] the media lane is watched — the faces blink for the window
[sensor] ground: stone-leaded-sparkle · cpu 11% · gpu 2% · mem 69% · disk 59% · up 168474s
[roster] stream detached — 01a0557d-8206-7017-81fb-2dc0ffa1dc32 on COM12 (maintenance:soft)
[maintenance] soft saga owns 01a0557d-8206-7017-81fb-2dc0ffa1dc32 on COM12 — the stream is withdrawn
[sessions] COM12: released — fireflies when idle
[maintenance] 01a0557d-8206-7017-81fb-2dc0ffa1dc32 · step 1/2 — Installing the suzu face (portrait-numerals) 
[maintenance] 01a0557d-8206-7017-81fb-2dc0ffa1dc32 · step 1/2 — raw REPL confirmed (attempt 1) 
[maintenance] 01a0557d-8206-7017-81fb-2dc0ffa1dc32 · step 1/2 — device files: ['boot.py', 'digits_bebas.bin', 'face.mpy', 'firefly_oled_v2.py', 'icons.bin', 'icons.py', 'label.txt', 'main.py', 'profont_10.mpy', 'profont_10.py', 'suzu.json', 'zen-garden.json'] 
[maintenance] 01a0557d-8206-7017-81fb-2dc0ffa1dc32 · step 1/2 — backed up boot.py (473 bytes) 
[maintenance] 01a0557d-8206-7017-81fb-2dc0ffa1dc32 · step 1/2 — backed up digits_bebas.bin (539 bytes) 
[maintenance] 01a0557d-8206-7017-81fb-2dc0ffa1dc32 · step 1/2 — backed up face.mpy (6497 bytes) 
[maintenance] 01a0557d-8206-7017-81fb-2dc0ffa1dc32 · step 1/2 — backed up firefly_oled_v2.py (11504 bytes) 
[maintenance] 01a0557d-8206-7017-81fb-2dc0ffa1dc32 · step 1/2 — backed up icons.bin (64 bytes) 
[maintenance] 01a0557d-8206-7017-81fb-2dc0ffa1dc32 · step 1/2 — backed up icons.py (3354 bytes) 
[maintenance] 01a0557d-8206-7017-81fb-2dc0ffa1dc32 · step 1/2 — backed up label.txt (20 bytes) 
[maintenance] 01a0557d-8206-7017-81fb-2dc0ffa1dc32 · step 1/2 — backed up main.py (197 bytes) 
[maintenance] 01a0557d-8206-7017-81fb-2dc0ffa1dc32 · step 1/2 — backed up profont_10.mpy (3963 bytes) 
[maintenance] 01a0557d-8206-7017-81fb-2dc0ffa1dc32 · step 1/2 — backed up profont_10.py (9362 bytes) 
[maintenance] 01a0557d-8206-7017-81fb-2dc0ffa1dc32 · step 1/2 — backed up suzu.json (203 bytes) 
[maintenance] 01a0557d-8206-7017-81fb-2dc0ffa1dc32 · step 1/2 — backed up zen-garden.json (223 bytes) 
[maintenance] 01a0557d-8206-7017-81fb-2dc0ffa1dc32 · step 1/2 — identity preserved: 01a0557d-8206-7017-81fb-2dc0ffa1dc32 
[maintenance] 01a0557d-8206-7017-81fb-2dc0ffa1dc32 · step 1/2 — pushing 9 files to COM12 ... (faceplate: portrait-numerals) 
[maintenance] 01a0557d-8206-7017-81fb-2dc0ffa1dc32 · step 1/2 — raw REPL confirmed (attempt 1) 
[maintenance] 01a0557d-8206-7017-81fb-2dc0ffa1dc32 · step 1/2 — OK boot.py (473 bytes verified) 
[maintenance] 01a0557d-8206-7017-81fb-2dc0ffa1dc32 · step 1/2 — raw REPL confirmed (attempt 1) 
[maintenance] 01a0557d-8206-7017-81fb-2dc0ffa1dc32 · step 1/2 — OK firefly_oled_v2.py (11504 bytes verified) 
[maintenance] 01a0557d-8206-7017-81fb-2dc0ffa1dc32 · step 1/2 — raw REPL confirmed (attempt 1) 
[maintenance] 01a0557d-8206-7017-81fb-2dc0ffa1dc32 · step 1/2 — OK icons.py (1501 bytes verified) 
[maintenance] 01a0557d-8206-7017-81fb-2dc0ffa1dc32 · step 1/2 — raw REPL confirmed (attempt 1) 
[maintenance] 01a0557d-8206-7017-81fb-2dc0ffa1dc32 · step 1/2 — OK profont_10.py (9362 bytes verified) 
[maintenance] 01a0557d-8206-7017-81fb-2dc0ffa1dc32 · step 1/2 — raw REPL confirmed (attempt 1) 
[maintenance] 01a0557d-8206-7017-81fb-2dc0ffa1dc32 · step 1/2 — OK suzu.json (203 bytes verified) 
[maintenance] 01a0557d-8206-7017-81fb-2dc0ffa1dc32 · step 1/2 — raw REPL confirmed (attempt 1) 
[maintenance] 01a0557d-8206-7017-81fb-2dc0ffa1dc32 · step 1/2 — OK main.py (197 bytes verified) 
[maintenance] 01a0557d-8206-7017-81fb-2dc0ffa1dc32 · step 1/2 — raw REPL confirmed (attempt 1) 
[maintenance] 01a0557d-8206-7017-81fb-2dc0ffa1dc32 · step 1/2 — OK face.mpy (7550 bytes verified) 
[maintenance] 01a0557d-8206-7017-81fb-2dc0ffa1dc32 · step 1/2 — raw REPL confirmed (attempt 1) 
[maintenance] 01a0557d-8206-7017-81fb-2dc0ffa1dc32 · step 1/2 — OK digits_bebas.bin (539 bytes verified) 
[maintenance] 01a0557d-8206-7017-81fb-2dc0ffa1dc32 · step 1/2 — raw REPL confirmed (attempt 1) 
[maintenance] 01a0557d-8206-7017-81fb-2dc0ffa1dc32 · step 1/2 — OK icons.bin (24 bytes verified) 
[maintenance] 01a0557d-8206-7017-81fb-2dc0ffa1dc32 · step 1/2 — rebooted into suzu — run `suzu scan` to verify the handshake 
[maintenance] 01a0557d-8206-7017-81fb-2dc0ffa1dc32 · step 2/2 — Handing to the exam 
[maintenance] COM12: re-identified as esp8266-oled/oled-v2 — respawning
[maintenance] soft saga done for 01a0557d-8206-7017-81fb-2dc0ffa1dc32 — admission decides the stream
[sessions] COM12: consumer translating (suzu/1)
[roster] admission PASSED for 01a0557d-8206-7017-81fb-2dc0ffa1dc32 on COM12 — handshake, ack-law, label-roundtrip, display-truth
[roster] stream attached — 01a0557d-8206-7017-81fb-2dc0ffa1dc32 on COM12
[roster] stream detached — 01a0557d-8206-7017-81fb-2dc0ffa1dc32 on COM12 (maintenance:soft)
[maintenance] soft saga owns 01a0557d-8206-7017-81fb-2dc0ffa1dc32 on COM12 — the stream is withdrawn
[sessions] COM12: released — fireflies when idle
[maintenance] 01a0557d-8206-7017-81fb-2dc0ffa1dc32 · step 1/2 — Installing the suzu face (portrait-numerals) 
[media] media unwatched — the faces rest their blinks
[maintenance] 01a0557d-8206-7017-81fb-2dc0ffa1dc32 · step 1/2 — raw REPL confirmed (attempt 1) 
[maintenance] 01a0557d-8206-7017-81fb-2dc0ffa1dc32 · step 1/2 — device files: ['boot.py', 'digits_bebas.bin', 'face.mpy', 'firefly_oled_v2.py', 'icons.bin', 'icons.py', 'label.txt', 'main.py', 'profont_10.mpy', 'profont_10.py', 'suzu.json', 'zen-garden.json'] 
[maintenance] 01a0557d-8206-7017-81fb-2dc0ffa1dc32 · step 1/2 — backed up boot.py (473 bytes) 
[maintenance] 01a0557d-8206-7017-81fb-2dc0ffa1dc32 · step 1/2 — backed up digits_bebas.bin (539 bytes) 
[maintenance] 01a0557d-8206-7017-81fb-2dc0ffa1dc32 · step 1/2 — backed up face.mpy (7550 bytes) 
[maintenance] 01a0557d-8206-7017-81fb-2dc0ffa1dc32 · step 1/2 — backed up firefly_oled_v2.py (11504 bytes) 
[maintenance] 01a0557d-8206-7017-81fb-2dc0ffa1dc32 · step 1/2 — backed up icons.bin (24 bytes) 
[maintenance] 01a0557d-8206-7017-81fb-2dc0ffa1dc32 · step 1/2 — backed up icons.py (1501 bytes) 
[maintenance] 01a0557d-8206-7017-81fb-2dc0ffa1dc32 · step 1/2 — backed up label.txt (20 bytes) 
[maintenance] 01a0557d-8206-7017-81fb-2dc0ffa1dc32 · step 1/2 — backed up main.py (197 bytes) 
[maintenance] 01a0557d-8206-7017-81fb-2dc0ffa1dc32 · step 1/2 — backed up profont_10.mpy (3963 bytes) 
[maintenance] 01a0557d-8206-7017-81fb-2dc0ffa1dc32 · step 1/2 — backed up profont_10.py (9362 bytes) 
[maintenance] 01a0557d-8206-7017-81fb-2dc0ffa1dc32 · step 1/2 — backed up suzu.json (203 bytes) 
[maintenance] 01a0557d-8206-7017-81fb-2dc0ffa1dc32 · step 1/2 — backed up zen-garden.json (223 bytes) 
[maintenance] 01a0557d-8206-7017-81fb-2dc0ffa1dc32 · step 1/2 — identity preserved: 01a0557d-8206-7017-81fb-2dc0ffa1dc32 
[maintenance] 01a0557d-8206-7017-81fb-2dc0ffa1dc32 · step 1/2 — pushing 9 files to COM12 ... (faceplate: portrait-numerals) 
[maintenance] 01a0557d-8206-7017-81fb-2dc0ffa1dc32 · step 1/2 — raw REPL confirmed (attempt 1) 
[maintenance] 01a0557d-8206-7017-81fb-2dc0ffa1dc32 · step 1/2 — OK boot.py (473 bytes verified) 
[maintenance] 01a0557d-8206-7017-81fb-2dc0ffa1dc32 · step 1/2 — raw REPL confirmed (attempt 1) 
[maintenance] 01a0557d-8206-7017-81fb-2dc0ffa1dc32 · step 1/2 — OK firefly_oled_v2.py (11504 bytes verified) 
[maintenance] 01a0557d-8206-7017-81fb-2dc0ffa1dc32 · step 1/2 — raw REPL confirmed (attempt 1) 
[maintenance] 01a0557d-8206-7017-81fb-2dc0ffa1dc32 · step 1/2 — OK icons.py (1501 bytes verified) 
[maintenance] 01a0557d-8206-7017-81fb-2dc0ffa1dc32 · step 1/2 — raw REPL confirmed (attempt 1) 
[maintenance] 01a0557d-8206-7017-81fb-2dc0ffa1dc32 · step 1/2 — OK profont_10.py (9362 bytes verified) 
[maintenance] 01a0557d-8206-7017-81fb-2dc0ffa1dc32 · step 1/2 — raw REPL confirmed (attempt 1) 
[maintenance] 01a0557d-8206-7017-81fb-2dc0ffa1dc32 · step 1/2 — OK suzu.json (203 bytes verified) 
[maintenance] 01a0557d-8206-7017-81fb-2dc0ffa1dc32 · step 1/2 — raw REPL confirmed (attempt 1) 
[maintenance] 01a0557d-8206-7017-81fb-2dc0ffa1dc32 · step 1/2 — OK main.py (197 bytes verified) 
[maintenance] 01a0557d-8206-7017-81fb-2dc0ffa1dc32 · step 1/2 — raw REPL confirmed (attempt 1) 
[maintenance] 01a0557d-8206-7017-81fb-2dc0ffa1dc32 · step 1/2 — OK face.mpy (7550 bytes verified) 
[maintenance] 01a0557d-8206-7017-81fb-2dc0ffa1dc32 · step 1/2 — raw REPL confirmed (attempt 1) 
[maintenance] 01a0557d-8206-7017-81fb-2dc0ffa1dc32 · step 1/2 — OK digits_bebas.bin (539 bytes verified) 
[maintenance] 01a0557d-8206-7017-81fb-2dc0ffa1dc32 · step 1/2 — raw REPL confirmed (attempt 1) 
[maintenance] 01a0557d-8206-7017-81fb-2dc0ffa1dc32 · step 1/2 — OK icons.bin (24 bytes verified) 
[maintenance] 01a0557d-8206-7017-81fb-2dc0ffa1dc32 · step 1/2 — rebooted into suzu — run `suzu scan` to verify the handshake 
[maintenance] 01a0557d-8206-7017-81fb-2dc0ffa1dc32 · step 2/2 — Handing to the exam 
[maintenance] COM12: re-identified as esp8266-oled/oled-v2 — respawning
[maintenance] soft saga done for 01a0557d-8206-7017-81fb-2dc0ffa1dc32 — admission decides the stream
[sessions] COM12: consumer translating (suzu/1)
[roster] admission PASSED for 01a0557d-8206-7017-81fb-2dc0ffa1dc32 on COM12 — handshake, ack-law, label-roundtrip, display-truth
[roster] stream attached — 01a0557d-8206-7017-81fb-2dc0ffa1dc32 on COM12
[roster] stream detached — 01a0557d-8206-7017-81fb-2dc0ffa1dc32 on COM12 (maintenance:soft)
[maintenance] soft saga owns 01a0557d-8206-7017-81fb-2dc0ffa1dc32 on COM12 — the stream is withdrawn
[sessions] COM12: released — fireflies when idle
[maintenance] 01a0557d-8206-7017-81fb-2dc0ffa1dc32 · step 1/2 — Installing the suzu face (portrait-numerals) 
[maintenance] 01a0557d-8206-7017-81fb-2dc0ffa1dc32 · step 1/2 — raw REPL confirmed (attempt 1) 
[maintenance] 01a0557d-8206-7017-81fb-2dc0ffa1dc32 · step 1/2 — device files: ['boot.py', 'digits_bebas.bin', 'face.mpy', 'firefly_oled_v2.py', 'icons.bin', 'icons.py', 'label.txt', 'main.py', 'profont_10.mpy', 'profont_10.py', 'suzu.json', 'zen-garden.json'] 
[maintenance] 01a0557d-8206-7017-81fb-2dc0ffa1dc32 · step 1/2 — backed up boot.py (473 bytes) 
[maintenance] 01a0557d-8206-7017-81fb-2dc0ffa1dc32 · step 1/2 — backed up digits_bebas.bin (539 bytes) 
[maintenance] 01a0557d-8206-7017-81fb-2dc0ffa1dc32 · step 1/2 — backed up face.mpy (7550 bytes) 
[maintenance] 01a0557d-8206-7017-81fb-2dc0ffa1dc32 · step 1/2 — backed up firefly_oled_v2.py (11504 bytes) 
[maintenance] 01a0557d-8206-7017-81fb-2dc0ffa1dc32 · step 1/2 — backed up icons.bin (24 bytes) 
[maintenance] 01a0557d-8206-7017-81fb-2dc0ffa1dc32 · step 1/2 — backed up icons.py (1501 bytes) 
[maintenance] 01a0557d-8206-7017-81fb-2dc0ffa1dc32 · step 1/2 — backed up label.txt (20 bytes) 
[maintenance] 01a0557d-8206-7017-81fb-2dc0ffa1dc32 · step 1/2 — backed up main.py (197 bytes) 
[maintenance] 01a0557d-8206-7017-81fb-2dc0ffa1dc32 · step 1/2 — backed up profont_10.mpy (3963 bytes) 
[maintenance] 01a0557d-8206-7017-81fb-2dc0ffa1dc32 · step 1/2 — backed up profont_10.py (9362 bytes) 
[maintenance] 01a0557d-8206-7017-81fb-2dc0ffa1dc32 · step 1/2 — backed up suzu.json (203 bytes) 
[maintenance] 01a0557d-8206-7017-81fb-2dc0ffa1dc32 · step 1/2 — backed up zen-garden.json (223 bytes) 
[maintenance] 01a0557d-8206-7017-81fb-2dc0ffa1dc32 · step 1/2 — identity preserved: 01a0557d-8206-7017-81fb-2dc0ffa1dc32 
[maintenance] 01a0557d-8206-7017-81fb-2dc0ffa1dc32 · step 1/2 — pushing 9 files to COM12 ... (faceplate: portrait-numerals) 
[maintenance] 01a0557d-8206-7017-81fb-2dc0ffa1dc32 · step 1/2 — raw REPL confirmed (attempt 1) 
[maintenance] 01a0557d-8206-7017-81fb-2dc0ffa1dc32 · step 1/2 — OK boot.py (473 bytes verified) 
[maintenance] 01a0557d-8206-7017-81fb-2dc0ffa1dc32 · step 1/2 — raw REPL confirmed (attempt 1) 
[maintenance] 01a0557d-8206-7017-81fb-2dc0ffa1dc32 · step 1/2 — OK firefly_oled_v2.py (11504 bytes verified) 
[maintenance] 01a0557d-8206-7017-81fb-2dc0ffa1dc32 · step 1/2 — raw REPL confirmed (attempt 1) 
[maintenance] 01a0557d-8206-7017-81fb-2dc0ffa1dc32 · step 1/2 — OK icons.py (1501 bytes verified) 
[maintenance] 01a0557d-8206-7017-81fb-2dc0ffa1dc32 · step 1/2 — raw REPL confirmed (attempt 1) 
[maintenance] 01a0557d-8206-7017-81fb-2dc0ffa1dc32 · step 1/2 — OK profont_10.py (9362 bytes verified) 
[sensor] ground: stone-leaded-sparkle · cpu 11% · gpu 2% · mem 68% · disk 59% · up 169915s
[maintenance] 01a0557d-8206-7017-81fb-2dc0ffa1dc32 · step 1/2 — raw REPL confirmed (attempt 1) 
[maintenance] 01a0557d-8206-7017-81fb-2dc0ffa1dc32 · step 1/2 — OK suzu.json (203 bytes verified) 
[maintenance] 01a0557d-8206-7017-81fb-2dc0ffa1dc32 · step 1/2 — raw REPL confirmed (attempt 1) 
[maintenance] 01a0557d-8206-7017-81fb-2dc0ffa1dc32 · step 1/2 — OK main.py (197 bytes verified) 
[maintenance] 01a0557d-8206-7017-81fb-2dc0ffa1dc32 · step 1/2 — raw REPL confirmed (attempt 1) 
[maintenance] 01a0557d-8206-7017-81fb-2dc0ffa1dc32 · step 1/2 — OK face.mpy (7560 bytes verified) 
[maintenance] 01a0557d-8206-7017-81fb-2dc0ffa1dc32 · step 1/2 — raw REPL confirmed (attempt 1) 
[maintenance] 01a0557d-8206-7017-81fb-2dc0ffa1dc32 · step 1/2 — OK digits_bebas.bin (539 bytes verified) 
[maintenance] 01a0557d-8206-7017-81fb-2dc0ffa1dc32 · step 1/2 — raw REPL confirmed (attempt 1) 
[maintenance] 01a0557d-8206-7017-81fb-2dc0ffa1dc32 · step 1/2 — OK icons.bin (24 bytes verified) 
[maintenance] 01a0557d-8206-7017-81fb-2dc0ffa1dc32 · step 1/2 — rebooted into suzu — run `suzu scan` to verify the handshake 
[maintenance] 01a0557d-8206-7017-81fb-2dc0ffa1dc32 · step 2/2 — Handing to the exam 
[maintenance] COM12: re-identified as esp8266-oled/oled-v2 — respawning
[maintenance] soft saga done for 01a0557d-8206-7017-81fb-2dc0ffa1dc32 — admission decides the stream
[sessions] COM12: consumer translating (suzu/1)
[roster] admission PASSED for 01a0557d-8206-7017-81fb-2dc0ffa1dc32 on COM12 — handshake, ack-law, label-roundtrip, display-truth
[roster] stream attached — 01a0557d-8206-7017-81fb-2dc0ffa1dc32 on COM12
[media] the media lane is watched — the faces blink for the window
[sensor] ground: stone-leaded-sparkle · cpu 7% · gpu 1% · mem 69% · disk 59% · up 170113s
[api] shutdown requested — the resident rests
catalog: 4 class signature(s) from hardware/classes
suzu resident is up — domains: watcher · devices · moments · sensor · roster
plug a device and watch the house talk. `tell <label>` rings the bell · `status` · `q` quits.
control: `suzu pause` / `suzu resume` stop and restart the stream to devices.
[api] the door is open on http://127.0.0.1:7899 — snapshot + stream, one truth
[control] listening on 127.0.0.1:7898 — `suzu pause` / `suzu resume`
[watcher] sensed COM12
[sensor] ground: stone-leaded-sparkle · cpu 7% · gpu 2% · mem 68% · disk 59% · up 171557s
[watcher] identified COM12 → esp8266-oled-v2-class · esp8266-oled/oled-v2 v1.0.0
[devices] minding COM12 as Some("esp8266-oled-v2-class") (Some("01a0557d-8206-7017-81fb-2dc0ffa1dc32")) — state Accepted
[roster] held 01a0557d-8206-7017-81fb-2dc0ffa1dc32 on COM12 (esp8266-oled-v2-class) — admission decides the stream
[moments] splash: discovery 01a0557d-8206-7017-81fb-2dc0ffa1dc32
[sessions] COM12: consumer translating (suzu/1)
[roster] admission FAILED for 01a0557d-8206-7017-81fb-2dc0ffa1dc32 on COM12 — handshake, ✗ currency
[roster] stream detached — 01a0557d-8206-7017-81fb-2dc0ffa1dc32 on COM12 (admission failed)
[roster] stream detached — 01a0557d-8206-7017-81fb-2dc0ffa1dc32 on COM12 (maintenance:soft)
[maintenance] soft saga owns 01a0557d-8206-7017-81fb-2dc0ffa1dc32 on COM12 — the stream is withdrawn
[sessions] COM12: released — fireflies when idle
[maintenance] 01a0557d-8206-7017-81fb-2dc0ffa1dc32 · step 1/2 — Installing the suzu face (portrait-numerals) 
[maintenance] 01a0557d-8206-7017-81fb-2dc0ffa1dc32 · step 1/2 — raw REPL confirmed (attempt 1) 
[maintenance] 01a0557d-8206-7017-81fb-2dc0ffa1dc32 · step 1/2 — device files: ['boot.py', 'digits_bebas.bin', 'face.mpy', 'firefly_oled_v2.py', 'icons.bin', 'icons.py', 'label.txt', 'main.py', 'profont_10.mpy', 'profont_10.py', 'suzu.json', 'zen-garden.json'] 
[maintenance] 01a0557d-8206-7017-81fb-2dc0ffa1dc32 · step 1/2 — backed up boot.py (473 bytes) 
[maintenance] 01a0557d-8206-7017-81fb-2dc0ffa1dc32 · step 1/2 — backed up digits_bebas.bin (539 bytes) 
[maintenance] 01a0557d-8206-7017-81fb-2dc0ffa1dc32 · step 1/2 — backed up face.mpy (7560 bytes) 
[maintenance] 01a0557d-8206-7017-81fb-2dc0ffa1dc32 · step 1/2 — backed up firefly_oled_v2.py (11504 bytes) 
[maintenance] 01a0557d-8206-7017-81fb-2dc0ffa1dc32 · step 1/2 — backed up icons.bin (24 bytes) 
[maintenance] 01a0557d-8206-7017-81fb-2dc0ffa1dc32 · step 1/2 — backed up icons.py (1501 bytes) 
[maintenance] 01a0557d-8206-7017-81fb-2dc0ffa1dc32 · step 1/2 — backed up label.txt (20 bytes) 
[maintenance] 01a0557d-8206-7017-81fb-2dc0ffa1dc32 · step 1/2 — backed up main.py (197 bytes) 
[maintenance] 01a0557d-8206-7017-81fb-2dc0ffa1dc32 · step 1/2 — backed up profont_10.mpy (3963 bytes) 
[maintenance] 01a0557d-8206-7017-81fb-2dc0ffa1dc32 · step 1/2 — backed up profont_10.py (9362 bytes) 
[maintenance] 01a0557d-8206-7017-81fb-2dc0ffa1dc32 · step 1/2 — backed up suzu.json (203 bytes) 
[maintenance] 01a0557d-8206-7017-81fb-2dc0ffa1dc32 · step 1/2 — backed up zen-garden.json (223 bytes) 
[maintenance] 01a0557d-8206-7017-81fb-2dc0ffa1dc32 · step 1/2 — identity preserved: 01a0557d-8206-7017-81fb-2dc0ffa1dc32 
[maintenance] 01a0557d-8206-7017-81fb-2dc0ffa1dc32 · step 1/2 — pushing 9 files to COM12 ... (faceplate: portrait-numerals) 
[maintenance] 01a0557d-8206-7017-81fb-2dc0ffa1dc32 · step 1/2 — raw REPL confirmed (attempt 1) 
[maintenance] 01a0557d-8206-7017-81fb-2dc0ffa1dc32 · step 1/2 — OK boot.py (473 bytes verified) 
[maintenance] 01a0557d-8206-7017-81fb-2dc0ffa1dc32 · step 1/2 — raw REPL confirmed (attempt 1) 
[maintenance] 01a0557d-8206-7017-81fb-2dc0ffa1dc32 · step 1/2 — OK firefly_oled_v2.py (11504 bytes verified) 
[maintenance] 01a0557d-8206-7017-81fb-2dc0ffa1dc32 · step 1/2 — raw REPL confirmed (attempt 1) 
[maintenance] 01a0557d-8206-7017-81fb-2dc0ffa1dc32 · step 1/2 — OK icons.py (1501 bytes verified) 
[maintenance] 01a0557d-8206-7017-81fb-2dc0ffa1dc32 · step 1/2 — raw REPL confirmed (attempt 1) 
[maintenance] 01a0557d-8206-7017-81fb-2dc0ffa1dc32 · step 1/2 — OK profont_10.py (9362 bytes verified) 
[maintenance] 01a0557d-8206-7017-81fb-2dc0ffa1dc32 · step 1/2 — raw REPL confirmed (attempt 1) 
[maintenance] 01a0557d-8206-7017-81fb-2dc0ffa1dc32 · step 1/2 — OK suzu.json (203 bytes verified) 
[maintenance] 01a0557d-8206-7017-81fb-2dc0ffa1dc32 · step 1/2 — raw REPL confirmed (attempt 1) 
[maintenance] 01a0557d-8206-7017-81fb-2dc0ffa1dc32 · step 1/2 — OK main.py (197 bytes verified) 
[maintenance] 01a0557d-8206-7017-81fb-2dc0ffa1dc32 · step 1/2 — raw REPL confirmed (attempt 1) 
[maintenance] 01a0557d-8206-7017-81fb-2dc0ffa1dc32 · step 1/2 — OK face.mpy (7560 bytes verified) 
[maintenance] 01a0557d-8206-7017-81fb-2dc0ffa1dc32 · step 1/2 — raw REPL confirmed (attempt 1) 
[maintenance] 01a0557d-8206-7017-81fb-2dc0ffa1dc32 · step 1/2 — OK digits_bebas.bin (539 bytes verified) 
[maintenance] 01a0557d-8206-7017-81fb-2dc0ffa1dc32 · step 1/2 — raw REPL confirmed (attempt 1) 
[maintenance] 01a0557d-8206-7017-81fb-2dc0ffa1dc32 · step 1/2 — OK icons.bin (24 bytes verified) 
[maintenance] 01a0557d-8206-7017-81fb-2dc0ffa1dc32 · step 1/2 — rebooted into suzu — run `suzu scan` to verify the handshake 
[maintenance] 01a0557d-8206-7017-81fb-2dc0ffa1dc32 · step 2/2 — Handing to the exam 
[maintenance] soft saga done for 01a0557d-8206-7017-81fb-2dc0ffa1dc32 — admission decides the stream
[maintenance] COM12: re-identified as esp8266-oled/oled-v2 — respawning
[sessions] COM12: consumer translating (suzu/1)
[roster] admission FAILED for 01a0557d-8206-7017-81fb-2dc0ffa1dc32 on COM12 — handshake, ✗ currency
[roster] stream detached — 01a0557d-8206-7017-81fb-2dc0ffa1dc32 on COM12 (admission failed)
[roster] stream detached — 01a0557d-8206-7017-81fb-2dc0ffa1dc32 on COM12 (maintenance:soft)
[maintenance] soft saga owns 01a0557d-8206-7017-81fb-2dc0ffa1dc32 on COM12 — the stream is withdrawn
[sessions] COM12: released — fireflies when idle
[maintenance] 01a0557d-8206-7017-81fb-2dc0ffa1dc32 · step 1/2 — Installing the suzu face (portrait-numerals) 
[maintenance] 01a0557d-8206-7017-81fb-2dc0ffa1dc32 · step 1/2 — raw REPL confirmed (attempt 1) 
[maintenance] 01a0557d-8206-7017-81fb-2dc0ffa1dc32 · step 1/2 — device files: ['boot.py', 'digits_bebas.bin', 'face.mpy', 'firefly_oled_v2.py', 'icons.bin', 'icons.py', 'label.txt', 'main.py', 'profont_10.mpy', 'profont_10.py', 'suzu.json', 'zen-garden.json'] 
[maintenance] 01a0557d-8206-7017-81fb-2dc0ffa1dc32 · step 1/2 — backed up boot.py (473 bytes) 
[maintenance] 01a0557d-8206-7017-81fb-2dc0ffa1dc32 · step 1/2 — backed up digits_bebas.bin (539 bytes) 
[maintenance] 01a0557d-8206-7017-81fb-2dc0ffa1dc32 · step 1/2 — backed up face.mpy (7560 bytes) 
[maintenance] 01a0557d-8206-7017-81fb-2dc0ffa1dc32 · step 1/2 — backed up firefly_oled_v2.py (11504 bytes) 
[maintenance] 01a0557d-8206-7017-81fb-2dc0ffa1dc32 · step 1/2 — backed up icons.bin (24 bytes) 
[maintenance] 01a0557d-8206-7017-81fb-2dc0ffa1dc32 · step 1/2 — backed up icons.py (1501 bytes) 
[maintenance] 01a0557d-8206-7017-81fb-2dc0ffa1dc32 · step 1/2 — backed up label.txt (20 bytes) 
[maintenance] 01a0557d-8206-7017-81fb-2dc0ffa1dc32 · step 1/2 — backed up main.py (197 bytes) 
[maintenance] 01a0557d-8206-7017-81fb-2dc0ffa1dc32 · step 1/2 — backed up profont_10.mpy (3963 bytes) 
[maintenance] 01a0557d-8206-7017-81fb-2dc0ffa1dc32 · step 1/2 — backed up profont_10.py (9362 bytes) 
[maintenance] 01a0557d-8206-7017-81fb-2dc0ffa1dc32 · step 1/2 — backed up suzu.json (203 bytes) 
[maintenance] 01a0557d-8206-7017-81fb-2dc0ffa1dc32 · step 1/2 — backed up zen-garden.json (223 bytes) 
[maintenance] 01a0557d-8206-7017-81fb-2dc0ffa1dc32 · step 1/2 — identity preserved: 01a0557d-8206-7017-81fb-2dc0ffa1dc32 
[maintenance] 01a0557d-8206-7017-81fb-2dc0ffa1dc32 · step 1/2 — pushing 9 files to COM12 ... (faceplate: portrait-numerals) 
[maintenance] 01a0557d-8206-7017-81fb-2dc0ffa1dc32 · step 1/2 — raw REPL confirmed (attempt 1) 
[maintenance] 01a0557d-8206-7017-81fb-2dc0ffa1dc32 · step 1/2 — OK boot.py (473 bytes verified) 
[maintenance] 01a0557d-8206-7017-81fb-2dc0ffa1dc32 · step 1/2 — raw REPL confirmed (attempt 1) 
[maintenance] 01a0557d-8206-7017-81fb-2dc0ffa1dc32 · step 1/2 — OK firefly_oled_v2.py (11504 bytes verified) 
[maintenance] 01a0557d-8206-7017-81fb-2dc0ffa1dc32 · step 1/2 — raw REPL confirmed (attempt 1) 
[maintenance] 01a0557d-8206-7017-81fb-2dc0ffa1dc32 · step 1/2 — OK icons.py (1501 bytes verified) 
[maintenance] 01a0557d-8206-7017-81fb-2dc0ffa1dc32 · step 1/2 — raw REPL confirmed (attempt 1) 
[maintenance] 01a0557d-8206-7017-81fb-2dc0ffa1dc32 · step 1/2 — OK profont_10.py (9362 bytes verified) 
[maintenance] 01a0557d-8206-7017-81fb-2dc0ffa1dc32 · step 1/2 — raw REPL confirmed (attempt 1) 
[maintenance] 01a0557d-8206-7017-81fb-2dc0ffa1dc32 · step 1/2 — OK suzu.json (203 bytes verified) 
[maintenance] 01a0557d-8206-7017-81fb-2dc0ffa1dc32 · step 1/2 — raw REPL confirmed (attempt 1) 
[maintenance] 01a0557d-8206-7017-81fb-2dc0ffa1dc32 · step 1/2 — OK main.py (197 bytes verified) 
[maintenance] 01a0557d-8206-7017-81fb-2dc0ffa1dc32 · step 1/2 — raw REPL confirmed (attempt 1) 
[maintenance] 01a0557d-8206-7017-81fb-2dc0ffa1dc32 · step 1/2 — OK face.mpy (7560 bytes verified) 
[maintenance] 01a0557d-8206-7017-81fb-2dc0ffa1dc32 · step 1/2 — raw REPL confirmed (attempt 1) 
[maintenance] 01a0557d-8206-7017-81fb-2dc0ffa1dc32 · step 1/2 — OK digits_bebas.bin (539 bytes verified) 
[maintenance] 01a0557d-8206-7017-81fb-2dc0ffa1dc32 · step 1/2 — raw REPL confirmed (attempt 1) 
[maintenance] 01a0557d-8206-7017-81fb-2dc0ffa1dc32 · step 1/2 — OK icons.bin (24 bytes verified) 
[maintenance] 01a0557d-8206-7017-81fb-2dc0ffa1dc32 · step 1/2 — rebooted into suzu — run `suzu scan` to verify the handshake 
[maintenance] 01a0557d-8206-7017-81fb-2dc0ffa1dc32 · step 2/2 — Handing to the exam 
[maintenance] COM12: re-identified as esp8266-oled/oled-v2 — respawning
[maintenance] soft saga done for 01a0557d-8206-7017-81fb-2dc0ffa1dc32 — admission decides the stream
[sessions] COM12: consumer translating (suzu/1)
[roster] admission PASSED for 01a0557d-8206-7017-81fb-2dc0ffa1dc32 on COM12 — handshake, currency, ack-law, label-roundtrip, display-truth
[roster] stream attached — 01a0557d-8206-7017-81fb-2dc0ffa1dc32 on COM12
[sensor] ground: stone-leaded-sparkle · cpu 4% · gpu 0% · mem 50% · disk 59% · up 173906s
[sensor] ground: stone-leaded-sparkle · cpu 7% · gpu 0% · mem 50% · disk 59% · up 173968s
[sensor] ground: stone-leaded-sparkle · cpu 6% · gpu 0% · mem 50% · disk 59% · up 174118s
[sensor] ground: stone-leaded-sparkle · cpu 4% · gpu 0% · mem 50% · disk 59% · up 174318s
[sensor] ground: stone-leaded-sparkle · cpu 4% · gpu 0% · mem 50% · disk 59% · up 174446s
[sensor] ground: stone-leaded-sparkle · cpu 6% · gpu 0% · mem 50% · disk 59% · up 174658s
[sensor] ground: stone-leaded-sparkle · cpu 7% · gpu 0% · mem 50% · disk 59% · up 174718s
[sensor] ground: stone-leaded-sparkle · cpu 4% · gpu 0% · mem 50% · disk 59% · up 174856s
[sensor] ground: stone-leaded-sparkle · cpu 7% · gpu 0% · mem 50% · disk 59% · up 175048s
[sensor] ground: stone-leaded-sparkle · cpu 4% · gpu 0% · mem 50% · disk 59% · up 175308s
[sensor] ground: stone-leaded-sparkle · cpu 6% · gpu 0% · mem 51% · disk 59% · up 176505s
[sensor] ground: stone-leaded-sparkle · cpu 6% · gpu 0% · mem 51% · disk 59% · up 176575s
[sensor] ground: stone-leaded-sparkle · cpu 4% · gpu 0% · mem 51% · disk 59% · up 177018s
[sensor] ground: stone-leaded-sparkle · cpu 6% · gpu 0% · mem 51% · disk 59% · up 177133s
[sensor] ground: stone-leaded-sparkle · cpu 4% · gpu 0% · mem 51% · disk 59% · up 177279s
[sensor] ground: stone-leaded-sparkle · cpu 4% · gpu 0% · mem 51% · disk 59% · up 177649s
[sensor] ground: stone-leaded-sparkle · cpu 7% · gpu 0% · mem 51% · disk 59% · up 177779s
[sensor] ground: stone-leaded-sparkle · cpu 7% · gpu 0% · mem 51% · disk 59% · up 178679s
[sensor] ground: stone-leaded-sparkle · cpu 4% · gpu 0% · mem 51% · disk 59% · up 178879s
[sensor] ground: stone-leaded-sparkle · cpu 4% · gpu 0% · mem 51% · disk 59% · up 178914s
[sensor] ground: stone-leaded-sparkle · cpu 4% · gpu 0% · mem 51% · disk 59% · up 178990s
[sensor] ground: stone-leaded-sparkle · cpu 4% · gpu 0% · mem 51% · disk 59% · up 179052s
[sensor] ground: stone-leaded-sparkle · cpu 4% · gpu 0% · mem 51% · disk 59% · up 179270s
[sensor] ground: stone-leaded-sparkle · cpu 4% · gpu 0% · mem 51% · disk 59% · up 179470s
[sensor] ground: stone-leaded-sparkle · cpu 4% · gpu 0% · mem 51% · disk 59% · up 179590s
[sensor] ground: stone-leaded-sparkle · cpu 4% · gpu 0% · mem 51% · disk 59% · up 179662s
[sensor] ground: stone-leaded-sparkle · cpu 4% · gpu 0% · mem 51% · disk 59% · up 179753s
[sensor] ground: stone-leaded-sparkle · cpu 4% · gpu 0% · mem 51% · disk 59% · up 179771s
[sensor] ground: stone-leaded-sparkle · cpu 7% · gpu 0% · mem 51% · disk 59% · up 179848s
[sensor] ground: stone-leaded-sparkle · cpu 4% · gpu 0% · mem 51% · disk 59% · up 179864s
[sensor] ground: stone-leaded-sparkle · cpu 4% · gpu 0% · mem 51% · disk 59% · up 180052s
[sensor] ground: stone-leaded-sparkle · cpu 4% · gpu 0% · mem 51% · disk 59% · up 180132s
[sensor] ground: stone-leaded-sparkle · cpu 4% · gpu 0% · mem 51% · disk 59% · up 180171s
[sensor] ground: stone-leaded-sparkle · cpu 4% · gpu 0% · mem 51% · disk 59% · up 180651s
[sensor] ground: stone-leaded-sparkle · cpu 6% · gpu 0% · mem 51% · disk 59% · up 181189s
[sensor] ground: stone-leaded-sparkle · cpu 6% · gpu 0% · mem 51% · disk 59% · up 181279s
[sensor] ground: stone-leaded-sparkle · cpu 6% · gpu 0% · mem 51% · disk 59% · up 181339s
[sensor] ground: stone-leaded-sparkle · cpu 4% · gpu 0% · mem 51% · disk 59% · up 181405s
[sensor] ground: stone-leaded-sparkle · cpu 4% · gpu 0% · mem 51% · disk 59% · up 181523s
[sensor] ground: stone-leaded-sparkle · cpu 4% · gpu 0% · mem 51% · disk 59% · up 181601s
[sensor] ground: stone-leaded-sparkle · cpu 4% · gpu 0% · mem 51% · disk 59% · up 181795s
[sensor] ground: stone-leaded-sparkle · cpu 6% · gpu 0% · mem 51% · disk 59% · up 181850s
[sensor] ground: stone-leaded-sparkle · cpu 4% · gpu 0% · mem 51% · disk 59% · up 181883s
[sensor] ground: stone-leaded-sparkle · cpu 4% · gpu 0% · mem 51% · disk 59% · up 181906s
[sensor] ground: stone-leaded-sparkle · cpu 6% · gpu 0% · mem 51% · disk 59% · up 182149s
[sensor] ground: stone-leaded-sparkle · cpu 4% · gpu 0% · mem 51% · disk 59% · up 182246s
[sensor] ground: stone-leaded-sparkle · cpu 4% · gpu 0% · mem 51% · disk 59% · up 182397s
[sensor] ground: stone-leaded-sparkle · cpu 4% · gpu 0% · mem 51% · disk 59% · up 182754s
[sensor] ground: stone-leaded-sparkle · cpu 4% · gpu 0% · mem 52% · disk 59% · up 183042s
[sensor] ground: stone-leaded-sparkle · cpu 4% · gpu 0% · mem 52% · disk 59% · up 183078s
[sensor] ground: stone-leaded-sparkle · cpu 6% · gpu 0% · mem 52% · disk 59% · up 183342s
[sensor] ground: stone-leaded-sparkle · cpu 4% · gpu 0% · mem 52% · disk 59% · up 183676s
[sensor] ground: stone-leaded-sparkle · cpu 10% · gpu 0% · mem 52% · disk 59% · up 183841s
[sensor] ground: stone-leaded-sparkle · cpu 4% · gpu 0% · mem 52% · disk 59% · up 183979s
[sensor] ground: stone-leaded-sparkle · cpu 6% · gpu 0% · mem 52% · disk 59% · up 184282s
[sensor] ground: stone-leaded-sparkle · cpu 4% · gpu 0% · mem 52% · disk 59% · up 184377s
[sensor] ground: stone-leaded-sparkle · cpu 9% · gpu 0% · mem 52% · disk 59% · up 184441s
[sensor] ground: stone-leaded-sparkle · cpu 4% · gpu 0% · mem 52% · disk 59% · up 184764s
[sensor] ground: stone-leaded-sparkle · cpu 4% · gpu 0% · mem 52% · disk 59% · up 185516s
[sensor] ground: stone-leaded-sparkle · cpu 6% · gpu 0% · mem 52% · disk 59% · up 185628s
[sensor] ground: stone-leaded-sparkle · cpu 6% · gpu 0% · mem 52% · disk 59% · up 185803s
[sensor] ground: stone-leaded-sparkle · cpu 4% · gpu 0% · mem 52% · disk 59% · up 185817s
[sensor] ground: stone-leaded-sparkle · cpu 6% · gpu 0% · mem 52% · disk 59% · up 186030s
[sensor] ground: stone-leaded-sparkle · cpu 4% · gpu 0% · mem 52% · disk 59% · up 186137s
[sensor] ground: stone-leaded-sparkle · cpu 8% · gpu 0% · mem 52% · disk 59% · up 186240s
[sensor] ground: stone-leaded-sparkle · cpu 6% · gpu 0% · mem 52% · disk 59% · up 187165s
[sensor] ground: stone-leaded-sparkle · cpu 6% · gpu 0% · mem 52% · disk 59% · up 187404s
[sensor] ground: stone-leaded-sparkle · cpu 6% · gpu 0% · mem 52% · disk 59% · up 187440s
[sensor] ground: stone-leaded-sparkle · cpu 7% · gpu 0% · mem 52% · disk 59% · up 187860s
[sensor] ground: stone-leaded-sparkle · cpu 6% · gpu 0% · mem 52% · disk 59% · up 188035s
[sensor] ground: stone-leaded-sparkle · cpu 6% · gpu 0% · mem 52% · disk 59% · up 188155s
[sensor] ground: stone-leaded-sparkle · cpu 8% · gpu 0% · mem 52% · disk 59% · up 188221s
[sensor] ground: stone-leaded-sparkle · cpu 7% · gpu 0% · mem 52% · disk 59% · up 188431s
[sensor] ground: stone-leaded-sparkle · cpu 6% · gpu 0% · mem 52% · disk 59% · up 188457s
[sensor] ground: stone-leaded-sparkle · cpu 6% · gpu 0% · mem 52% · disk 59% · up 188505s
[sensor] ground: stone-leaded-sparkle · cpu 6% · gpu 0% · mem 52% · disk 59% · up 188575s
[sensor] ground: stone-leaded-sparkle · cpu 4% · gpu 0% · mem 52% · disk 59% · up 188717s
[sensor] ground: stone-leaded-sparkle · cpu 4% · gpu 0% · mem 52% · disk 59% · up 188849s
[sensor] ground: stone-leaded-sparkle · cpu 4% · gpu 0% · mem 52% · disk 59% · up 188991s
[sensor] ground: stone-leaded-sparkle · cpu 6% · gpu 0% · mem 52% · disk 59% · up 189117s
[sensor] ground: stone-leaded-sparkle · cpu 4% · gpu 0% · mem 52% · disk 59% · up 189269s
[sensor] ground: stone-leaded-sparkle · cpu 7% · gpu 0% · mem 52% · disk 59% · up 189302s
[sensor] ground: stone-leaded-sparkle · cpu 4% · gpu 0% · mem 52% · disk 59% · up 189443s
[sensor] ground: stone-leaded-sparkle · cpu 4% · gpu 0% · mem 52% · disk 59% · up 189480s
[sensor] ground: stone-leaded-sparkle · cpu 4% · gpu 0% · mem 52% · disk 59% · up 189498s
[sensor] ground: stone-leaded-sparkle · cpu 6% · gpu 0% · mem 52% · disk 59% · up 189511s
[sensor] ground: stone-leaded-sparkle · cpu 4% · gpu 0% · mem 52% · disk 59% · up 189568s
[sensor] ground: stone-leaded-sparkle · cpu 4% · gpu 0% · mem 52% · disk 59% · up 189589s
[sensor] ground: stone-leaded-sparkle · cpu 6% · gpu 0% · mem 52% · disk 59% · up 189777s
[sensor] ground: stone-leaded-sparkle · cpu 4% · gpu 0% · mem 52% · disk 59% · up 189859s
[sensor] ground: stone-leaded-sparkle · cpu 4% · gpu 0% · mem 53% · disk 59% · up 190339s
[sensor] ground: stone-leaded-sparkle · cpu 8% · gpu 0% · mem 53% · disk 59% · up 190382s
[sensor] ground: stone-leaded-sparkle · cpu 8% · gpu 0% · mem 53% · disk 59% · up 190502s
[sensor] ground: stone-leaded-sparkle · cpu 10% · gpu 0% · mem 53% · disk 59% · up 190562s
[sensor] ground: stone-leaded-sparkle · cpu 4% · gpu 0% · mem 53% · disk 59% · up 190941s
[sensor] ground: stone-leaded-sparkle · cpu 4% · gpu 0% · mem 53% · disk 59% · up 191000s
[sensor] ground: stone-leaded-sparkle · cpu 4% · gpu 0% · mem 53% · disk 59% · up 191060s
[sensor] ground: stone-leaded-sparkle · cpu 4% · gpu 0% · mem 53% · disk 59% · up 191120s
[sensor] ground: stone-leaded-sparkle · cpu 7% · gpu 0% · mem 53% · disk 59% · up 191283s
[sensor] ground: stone-leaded-sparkle · cpu 4% · gpu 0% · mem 53% · disk 59% · up 191415s
[sensor] ground: stone-leaded-sparkle · cpu 4% · gpu 0% · mem 53% · disk 59% · up 191481s
[sensor] ground: stone-leaded-sparkle · cpu 6% · gpu 0% · mem 53% · disk 59% · up 191508s
[sensor] ground: stone-leaded-sparkle · cpu 4% · gpu 0% · mem 53% · disk 59% · up 191541s
[sensor] ground: stone-leaded-sparkle · cpu 4% · gpu 0% · mem 53% · disk 59% · up 191600s
[sensor] ground: stone-leaded-sparkle · cpu 6% · gpu 0% · mem 53% · disk 59% · up 191718s
[sensor] ground: stone-leaded-sparkle · cpu 4% · gpu 0% · mem 53% · disk 59% · up 191841s
[sensor] ground: stone-leaded-sparkle · cpu 6% · gpu 0% · mem 53% · disk 59% · up 192618s
[sensor] ground: stone-leaded-sparkle · cpu 8% · gpu 0% · mem 57% · disk 59% · up 194193s
[sensor] ground: stone-leaded-sparkle · cpu 16% · gpu 4% · mem 58% · disk 59% · up 194897s
[roster] stream detached — 01a0557d-8206-7017-81fb-2dc0ffa1dc32 on COM12 (maintenance:soft)
[maintenance] soft saga owns 01a0557d-8206-7017-81fb-2dc0ffa1dc32 on COM12 — the stream is withdrawn
[sessions] COM12: released — fireflies when idle
[maintenance] 01a0557d-8206-7017-81fb-2dc0ffa1dc32 · step 1/2 — Installing the suzu face (portrait-numerals-inverted) 
[maintenance] 01a0557d-8206-7017-81fb-2dc0ffa1dc32 · step 1/2 — raw REPL confirmed (attempt 1) 
[maintenance] 01a0557d-8206-7017-81fb-2dc0ffa1dc32 · step 1/2 — device files: ['boot.py', 'digits_bebas.bin', 'face.mpy', 'firefly_oled_v2.py', 'icons.bin', 'icons.py', 'label.txt', 'main.py', 'profont_10.mpy', 'profont_10.py', 'suzu.json', 'zen-garden.json'] 
[maintenance] 01a0557d-8206-7017-81fb-2dc0ffa1dc32 · step 1/2 — backed up boot.py (473 bytes) 
[maintenance] 01a0557d-8206-7017-81fb-2dc0ffa1dc32 · step 1/2 — backed up digits_bebas.bin (539 bytes) 
[maintenance] 01a0557d-8206-7017-81fb-2dc0ffa1dc32 · step 1/2 — backed up face.mpy (7560 bytes) 
[maintenance] 01a0557d-8206-7017-81fb-2dc0ffa1dc32 · step 1/2 — backed up firefly_oled_v2.py (11504 bytes) 
[maintenance] 01a0557d-8206-7017-81fb-2dc0ffa1dc32 · step 1/2 — backed up icons.bin (24 bytes) 
[maintenance] 01a0557d-8206-7017-81fb-2dc0ffa1dc32 · step 1/2 — backed up icons.py (1501 bytes) 
[maintenance] 01a0557d-8206-7017-81fb-2dc0ffa1dc32 · step 1/2 — backed up label.txt (20 bytes) 
[maintenance] 01a0557d-8206-7017-81fb-2dc0ffa1dc32 · step 1/2 — backed up main.py (197 bytes) 
[maintenance] 01a0557d-8206-7017-81fb-2dc0ffa1dc32 · step 1/2 — backed up profont_10.mpy (3963 bytes) 
[maintenance] 01a0557d-8206-7017-81fb-2dc0ffa1dc32 · step 1/2 — backed up profont_10.py (9362 bytes) 
[maintenance] 01a0557d-8206-7017-81fb-2dc0ffa1dc32 · step 1/2 — backed up suzu.json (203 bytes) 
[maintenance] 01a0557d-8206-7017-81fb-2dc0ffa1dc32 · step 1/2 — backed up zen-garden.json (223 bytes) 
[maintenance] 01a0557d-8206-7017-81fb-2dc0ffa1dc32 · step 1/2 — identity preserved: 01a0557d-8206-7017-81fb-2dc0ffa1dc32 
[maintenance] 01a0557d-8206-7017-81fb-2dc0ffa1dc32 · step 1/2 — pushing 9 files to COM12 ... (faceplate: portrait-numerals-inverted) 
[maintenance] 01a0557d-8206-7017-81fb-2dc0ffa1dc32 · step 1/2 — raw REPL confirmed (attempt 1) 
[maintenance] 01a0557d-8206-7017-81fb-2dc0ffa1dc32 · step 1/2 — OK boot.py (473 bytes verified) 
[maintenance] 01a0557d-8206-7017-81fb-2dc0ffa1dc32 · step 1/2 — raw REPL confirmed (attempt 1) 
[maintenance] 01a0557d-8206-7017-81fb-2dc0ffa1dc32 · step 1/2 — OK firefly_oled_v2.py (11504 bytes verified) 
[maintenance] 01a0557d-8206-7017-81fb-2dc0ffa1dc32 · step 1/2 — raw REPL confirmed (attempt 1) 
[maintenance] 01a0557d-8206-7017-81fb-2dc0ffa1dc32 · step 1/2 — OK icons.py (1501 bytes verified) 
[maintenance] 01a0557d-8206-7017-81fb-2dc0ffa1dc32 · step 1/2 — raw REPL confirmed (attempt 1) 
[maintenance] 01a0557d-8206-7017-81fb-2dc0ffa1dc32 · step 1/2 — OK profont_10.py (9362 bytes verified) 
[maintenance] 01a0557d-8206-7017-81fb-2dc0ffa1dc32 · step 1/2 — raw REPL confirmed (attempt 1) 
[maintenance] 01a0557d-8206-7017-81fb-2dc0ffa1dc32 · step 1/2 — OK suzu.json (212 bytes verified) 
[maintenance] 01a0557d-8206-7017-81fb-2dc0ffa1dc32 · step 1/2 — raw REPL confirmed (attempt 1) 
[maintenance] 01a0557d-8206-7017-81fb-2dc0ffa1dc32 · step 1/2 — OK main.py (197 bytes verified) 
[maintenance] 01a0557d-8206-7017-81fb-2dc0ffa1dc32 · step 1/2 — raw REPL confirmed (attempt 1) 
[maintenance] 01a0557d-8206-7017-81fb-2dc0ffa1dc32 · step 1/2 — OK face.mpy (7663 bytes verified) 
[maintenance] 01a0557d-8206-7017-81fb-2dc0ffa1dc32 · step 1/2 — raw REPL confirmed (attempt 1) 
[maintenance] 01a0557d-8206-7017-81fb-2dc0ffa1dc32 · step 1/2 — OK digits_bebas.bin (539 bytes verified) 
[maintenance] 01a0557d-8206-7017-81fb-2dc0ffa1dc32 · step 1/2 — raw REPL confirmed (attempt 1) 
[maintenance] 01a0557d-8206-7017-81fb-2dc0ffa1dc32 · step 1/2 — OK icons.bin (24 bytes verified) 
[maintenance] 01a0557d-8206-7017-81fb-2dc0ffa1dc32 · step 1/2 — rebooted into suzu — run `suzu scan` to verify the handshake 
[maintenance] 01a0557d-8206-7017-81fb-2dc0ffa1dc32 · step 2/2 — Handing to the exam 
[maintenance] COM12: re-identified as esp8266-oled/oled-v2 — respawning
[maintenance] soft saga done for 01a0557d-8206-7017-81fb-2dc0ffa1dc32 — admission decides the stream
[sessions] COM12: consumer translating (suzu/1)
[roster] admission PASSED for 01a0557d-8206-7017-81fb-2dc0ffa1dc32 on COM12 — handshake, currency, ack-law, label-roundtrip, display-truth
[roster] stream attached — 01a0557d-8206-7017-81fb-2dc0ffa1dc32 on COM12
[media] the media lane is watched — the faces blink for the window
[roster] stream detached — 01a0557d-8206-7017-81fb-2dc0ffa1dc32 on COM12 (maintenance:soft)
[maintenance] soft saga owns 01a0557d-8206-7017-81fb-2dc0ffa1dc32 on COM12 — the stream is withdrawn
[sessions] COM12: released — fireflies when idle
[maintenance] 01a0557d-8206-7017-81fb-2dc0ffa1dc32 · step 1/2 — Installing the suzu face (portrait-numerals) 
[maintenance] 01a0557d-8206-7017-81fb-2dc0ffa1dc32 · step 1/2 — raw REPL confirmed (attempt 1) 
[maintenance] 01a0557d-8206-7017-81fb-2dc0ffa1dc32 · step 1/2 — device files: ['boot.py', 'digits_bebas.bin', 'face.mpy', 'firefly_oled_v2.py', 'icons.bin', 'icons.py', 'label.txt', 'main.py', 'profont_10.mpy', 'profont_10.py', 'suzu.json', 'zen-garden.json'] 
[maintenance] 01a0557d-8206-7017-81fb-2dc0ffa1dc32 · step 1/2 — backed up boot.py (473 bytes) 
[maintenance] 01a0557d-8206-7017-81fb-2dc0ffa1dc32 · step 1/2 — backed up digits_bebas.bin (539 bytes) 
[maintenance] 01a0557d-8206-7017-81fb-2dc0ffa1dc32 · step 1/2 — backed up face.mpy (7663 bytes) 
[maintenance] 01a0557d-8206-7017-81fb-2dc0ffa1dc32 · step 1/2 — backed up firefly_oled_v2.py (11504 bytes) 
[maintenance] 01a0557d-8206-7017-81fb-2dc0ffa1dc32 · step 1/2 — backed up icons.bin (24 bytes) 
[maintenance] 01a0557d-8206-7017-81fb-2dc0ffa1dc32 · step 1/2 — backed up icons.py (1501 bytes) 
[maintenance] 01a0557d-8206-7017-81fb-2dc0ffa1dc32 · step 1/2 — backed up label.txt (20 bytes) 
[maintenance] 01a0557d-8206-7017-81fb-2dc0ffa1dc32 · step 1/2 — backed up main.py (197 bytes) 
[maintenance] 01a0557d-8206-7017-81fb-2dc0ffa1dc32 · step 1/2 — backed up profont_10.mpy (3963 bytes) 
[maintenance] 01a0557d-8206-7017-81fb-2dc0ffa1dc32 · step 1/2 — backed up profont_10.py (9362 bytes) 
[maintenance] 01a0557d-8206-7017-81fb-2dc0ffa1dc32 · step 1/2 — backed up suzu.json (212 bytes) 
[maintenance] 01a0557d-8206-7017-81fb-2dc0ffa1dc32 · step 1/2 — backed up zen-garden.json (223 bytes) 
[maintenance] 01a0557d-8206-7017-81fb-2dc0ffa1dc32 · step 1/2 — identity preserved: 01a0557d-8206-7017-81fb-2dc0ffa1dc32 
[maintenance] 01a0557d-8206-7017-81fb-2dc0ffa1dc32 · step 1/2 — pushing 9 files to COM12 ... (faceplate: portrait-numerals) 
[maintenance] 01a0557d-8206-7017-81fb-2dc0ffa1dc32 · step 1/2 — raw REPL confirmed (attempt 1) 
[maintenance] 01a0557d-8206-7017-81fb-2dc0ffa1dc32 · step 1/2 — OK boot.py (473 bytes verified) 
[maintenance] 01a0557d-8206-7017-81fb-2dc0ffa1dc32 · step 1/2 — raw REPL confirmed (attempt 1) 
[maintenance] 01a0557d-8206-7017-81fb-2dc0ffa1dc32 · step 1/2 — OK firefly_oled_v2.py (11504 bytes verified) 
[maintenance] 01a0557d-8206-7017-81fb-2dc0ffa1dc32 · step 1/2 — raw REPL confirmed (attempt 1) 
[maintenance] 01a0557d-8206-7017-81fb-2dc0ffa1dc32 · step 1/2 — OK icons.py (1501 bytes verified) 
[maintenance] 01a0557d-8206-7017-81fb-2dc0ffa1dc32 · step 1/2 — raw REPL confirmed (attempt 1) 
[maintenance] 01a0557d-8206-7017-81fb-2dc0ffa1dc32 · step 1/2 — OK profont_10.py (9362 bytes verified) 
[maintenance] 01a0557d-8206-7017-81fb-2dc0ffa1dc32 · step 1/2 — raw REPL confirmed (attempt 1) 
[maintenance] 01a0557d-8206-7017-81fb-2dc0ffa1dc32 · step 1/2 — OK suzu.json (203 bytes verified) 
[maintenance] 01a0557d-8206-7017-81fb-2dc0ffa1dc32 · step 1/2 — raw REPL confirmed (attempt 1) 
[maintenance] 01a0557d-8206-7017-81fb-2dc0ffa1dc32 · step 1/2 — OK main.py (197 bytes verified) 
[maintenance] 01a0557d-8206-7017-81fb-2dc0ffa1dc32 · step 1/2 — raw REPL confirmed (attempt 1) 
[maintenance] 01a0557d-8206-7017-81fb-2dc0ffa1dc32 · step 1/2 — OK face.mpy (7560 bytes verified) 
[maintenance] 01a0557d-8206-7017-81fb-2dc0ffa1dc32 · step 1/2 — raw REPL confirmed (attempt 1) 
[maintenance] 01a0557d-8206-7017-81fb-2dc0ffa1dc32 · step 1/2 — OK digits_bebas.bin (539 bytes verified) 
[maintenance] 01a0557d-8206-7017-81fb-2dc0ffa1dc32 · step 1/2 — raw REPL confirmed (attempt 1) 
[maintenance] 01a0557d-8206-7017-81fb-2dc0ffa1dc32 · step 1/2 — OK icons.bin (24 bytes verified) 
[maintenance] 01a0557d-8206-7017-81fb-2dc0ffa1dc32 · step 1/2 — rebooted into suzu — run `suzu scan` to verify the handshake 
[maintenance] 01a0557d-8206-7017-81fb-2dc0ffa1dc32 · step 2/2 — Handing to the exam 
[maintenance] soft saga done for 01a0557d-8206-7017-81fb-2dc0ffa1dc32 — admission decides the stream
[maintenance] COM12: re-identified as esp8266-oled/oled-v2 — respawning
[sessions] COM12: consumer translating (suzu/1)
[roster] admission PASSED for 01a0557d-8206-7017-81fb-2dc0ffa1dc32 on COM12 — handshake, currency, ack-law, label-roundtrip, display-truth
[roster] stream attached — 01a0557d-8206-7017-81fb-2dc0ffa1dc32 on COM12
[sensor] ground: stone-leaded-sparkle · cpu 4% · gpu 0% · mem 55% · disk 59% · up 197806s
[roster] stream detached — 01a0557d-8206-7017-81fb-2dc0ffa1dc32 on COM12 (maintenance:soft)
[maintenance] soft saga owns 01a0557d-8206-7017-81fb-2dc0ffa1dc32 on COM12 — the stream is withdrawn
[sessions] COM12: released — fireflies when idle
[maintenance] 01a0557d-8206-7017-81fb-2dc0ffa1dc32 · step 1/2 — Installing the suzu face (portrait-numerals-inverted) 
[maintenance] 01a0557d-8206-7017-81fb-2dc0ffa1dc32 · step 1/2 — raw REPL confirmed (attempt 1) 
[maintenance] 01a0557d-8206-7017-81fb-2dc0ffa1dc32 · step 1/2 — device files: ['boot.py', 'digits_bebas.bin', 'face.mpy', 'firefly_oled_v2.py', 'icons.bin', 'icons.py', 'label.txt', 'main.py', 'profont_10.mpy', 'profont_10.py', 'suzu.json', 'zen-garden.json'] 
[maintenance] 01a0557d-8206-7017-81fb-2dc0ffa1dc32 · step 1/2 — backed up boot.py (473 bytes) 
[maintenance] 01a0557d-8206-7017-81fb-2dc0ffa1dc32 · step 1/2 — backed up digits_bebas.bin (539 bytes) 
[maintenance] 01a0557d-8206-7017-81fb-2dc0ffa1dc32 · step 1/2 — backed up face.mpy (7560 bytes) 
[maintenance] 01a0557d-8206-7017-81fb-2dc0ffa1dc32 · step 1/2 — backed up firefly_oled_v2.py (11504 bytes) 
[maintenance] 01a0557d-8206-7017-81fb-2dc0ffa1dc32 · step 1/2 — backed up icons.bin (24 bytes) 
[maintenance] 01a0557d-8206-7017-81fb-2dc0ffa1dc32 · step 1/2 — backed up icons.py (1501 bytes) 
[maintenance] 01a0557d-8206-7017-81fb-2dc0ffa1dc32 · step 1/2 — backed up label.txt (20 bytes) 
[maintenance] 01a0557d-8206-7017-81fb-2dc0ffa1dc32 · step 1/2 — backed up main.py (197 bytes) 
[maintenance] 01a0557d-8206-7017-81fb-2dc0ffa1dc32 · step 1/2 — backed up profont_10.mpy (3963 bytes) 
[maintenance] 01a0557d-8206-7017-81fb-2dc0ffa1dc32 · step 1/2 — backed up profont_10.py (9362 bytes) 
[maintenance] 01a0557d-8206-7017-81fb-2dc0ffa1dc32 · step 1/2 — backed up suzu.json (203 bytes) 
[maintenance] 01a0557d-8206-7017-81fb-2dc0ffa1dc32 · step 1/2 — backed up zen-garden.json (223 bytes) 
[maintenance] 01a0557d-8206-7017-81fb-2dc0ffa1dc32 · step 1/2 — identity preserved: 01a0557d-8206-7017-81fb-2dc0ffa1dc32 
[maintenance] 01a0557d-8206-7017-81fb-2dc0ffa1dc32 · step 1/2 — pushing 9 files to COM12 ... (faceplate: portrait-numerals-inverted) 
[maintenance] 01a0557d-8206-7017-81fb-2dc0ffa1dc32 · step 1/2 — raw REPL confirmed (attempt 1) 
[maintenance] 01a0557d-8206-7017-81fb-2dc0ffa1dc32 · step 1/2 — OK boot.py (473 bytes verified) 
[maintenance] 01a0557d-8206-7017-81fb-2dc0ffa1dc32 · step 1/2 — raw REPL confirmed (attempt 1) 
[maintenance] 01a0557d-8206-7017-81fb-2dc0ffa1dc32 · step 1/2 — OK firefly_oled_v2.py (11504 bytes verified) 
[maintenance] 01a0557d-8206-7017-81fb-2dc0ffa1dc32 · step 1/2 — raw REPL confirmed (attempt 1) 
[maintenance] 01a0557d-8206-7017-81fb-2dc0ffa1dc32 · step 1/2 — OK icons.py (1501 bytes verified) 
[maintenance] 01a0557d-8206-7017-81fb-2dc0ffa1dc32 · step 1/2 — raw REPL confirmed (attempt 1) 
[maintenance] 01a0557d-8206-7017-81fb-2dc0ffa1dc32 · step 1/2 — OK profont_10.py (9362 bytes verified) 
[maintenance] 01a0557d-8206-7017-81fb-2dc0ffa1dc32 · step 1/2 — raw REPL confirmed (attempt 1) 
[maintenance] 01a0557d-8206-7017-81fb-2dc0ffa1dc32 · step 1/2 — OK suzu.json (212 bytes verified) 
[maintenance] 01a0557d-8206-7017-81fb-2dc0ffa1dc32 · step 1/2 — raw REPL confirmed (attempt 1) 
[maintenance] 01a0557d-8206-7017-81fb-2dc0ffa1dc32 · step 1/2 — OK main.py (197 bytes verified) 
[maintenance] 01a0557d-8206-7017-81fb-2dc0ffa1dc32 · step 1/2 — raw REPL confirmed (attempt 1) 
[maintenance] 01a0557d-8206-7017-81fb-2dc0ffa1dc32 · step 1/2 — OK face.mpy (7715 bytes verified) 
[maintenance] 01a0557d-8206-7017-81fb-2dc0ffa1dc32 · step 1/2 — raw REPL confirmed (attempt 1) 
[maintenance] 01a0557d-8206-7017-81fb-2dc0ffa1dc32 · step 1/2 — OK digits_bebas.bin (539 bytes verified) 
[maintenance] 01a0557d-8206-7017-81fb-2dc0ffa1dc32 · step 1/2 — raw REPL confirmed (attempt 1) 
[maintenance] 01a0557d-8206-7017-81fb-2dc0ffa1dc32 · step 1/2 — OK icons.bin (24 bytes verified) 
[maintenance] 01a0557d-8206-7017-81fb-2dc0ffa1dc32 · step 1/2 — rebooted into suzu — run `suzu scan` to verify the handshake 
[maintenance] 01a0557d-8206-7017-81fb-2dc0ffa1dc32 · step 2/2 — Handing to the exam 
[maintenance] COM12: re-identified as esp8266-oled/oled-v2 — respawning
[maintenance] soft saga done for 01a0557d-8206-7017-81fb-2dc0ffa1dc32 — admission decides the stream
[sessions] COM12: consumer translating (suzu/1)
[roster] admission PASSED for 01a0557d-8206-7017-81fb-2dc0ffa1dc32 on COM12 — handshake, currency, ack-law, label-roundtrip, display-truth
[roster] stream attached — 01a0557d-8206-7017-81fb-2dc0ffa1dc32 on COM12
[roster] stream detached — 01a0557d-8206-7017-81fb-2dc0ffa1dc32 on COM12 (maintenance:soft)
[maintenance] soft saga owns 01a0557d-8206-7017-81fb-2dc0ffa1dc32 on COM12 — the stream is withdrawn
[sessions] COM12: released — fireflies when idle
[maintenance] 01a0557d-8206-7017-81fb-2dc0ffa1dc32 · step 1/2 — Installing the suzu face (portrait-numerals) 
[maintenance] 01a0557d-8206-7017-81fb-2dc0ffa1dc32 · step 1/2 — raw REPL confirmed (attempt 1) 
[maintenance] 01a0557d-8206-7017-81fb-2dc0ffa1dc32 · step 1/2 — device files: ['boot.py', 'digits_bebas.bin', 'face.mpy', 'firefly_oled_v2.py', 'icons.bin', 'icons.py', 'label.txt', 'main.py', 'profont_10.mpy', 'profont_10.py', 'suzu.json', 'zen-garden.json'] 
[maintenance] 01a0557d-8206-7017-81fb-2dc0ffa1dc32 · step 1/2 — backed up boot.py (473 bytes) 
[maintenance] 01a0557d-8206-7017-81fb-2dc0ffa1dc32 · step 1/2 — backed up digits_bebas.bin (539 bytes) 
[maintenance] 01a0557d-8206-7017-81fb-2dc0ffa1dc32 · step 1/2 — backed up face.mpy (7715 bytes) 
[maintenance] 01a0557d-8206-7017-81fb-2dc0ffa1dc32 · step 1/2 — backed up firefly_oled_v2.py (11504 bytes) 
[maintenance] 01a0557d-8206-7017-81fb-2dc0ffa1dc32 · step 1/2 — backed up icons.bin (24 bytes) 
[maintenance] 01a0557d-8206-7017-81fb-2dc0ffa1dc32 · step 1/2 — backed up icons.py (1501 bytes) 
[maintenance] 01a0557d-8206-7017-81fb-2dc0ffa1dc32 · step 1/2 — backed up label.txt (20 bytes) 
[maintenance] 01a0557d-8206-7017-81fb-2dc0ffa1dc32 · step 1/2 — backed up main.py (197 bytes) 
[maintenance] 01a0557d-8206-7017-81fb-2dc0ffa1dc32 · step 1/2 — backed up profont_10.mpy (3963 bytes) 
[maintenance] 01a0557d-8206-7017-81fb-2dc0ffa1dc32 · step 1/2 — backed up profont_10.py (9362 bytes) 
[maintenance] 01a0557d-8206-7017-81fb-2dc0ffa1dc32 · step 1/2 — backed up suzu.json (212 bytes) 
[maintenance] 01a0557d-8206-7017-81fb-2dc0ffa1dc32 · step 1/2 — backed up zen-garden.json (223 bytes) 
[maintenance] 01a0557d-8206-7017-81fb-2dc0ffa1dc32 · step 1/2 — identity preserved: 01a0557d-8206-7017-81fb-2dc0ffa1dc32 
[maintenance] 01a0557d-8206-7017-81fb-2dc0ffa1dc32 · step 1/2 — pushing 9 files to COM12 ... (faceplate: portrait-numerals) 
[maintenance] 01a0557d-8206-7017-81fb-2dc0ffa1dc32 · step 1/2 — raw REPL confirmed (attempt 1) 
[maintenance] 01a0557d-8206-7017-81fb-2dc0ffa1dc32 · step 1/2 — OK boot.py (473 bytes verified) 
[maintenance] 01a0557d-8206-7017-81fb-2dc0ffa1dc32 · step 1/2 — raw REPL confirmed (attempt 1) 
[maintenance] 01a0557d-8206-7017-81fb-2dc0ffa1dc32 · step 1/2 — OK firefly_oled_v2.py (11504 bytes verified) 
[maintenance] 01a0557d-8206-7017-81fb-2dc0ffa1dc32 · step 1/2 — raw REPL confirmed (attempt 1) 
[maintenance] 01a0557d-8206-7017-81fb-2dc0ffa1dc32 · step 1/2 — OK icons.py (1501 bytes verified) 
[maintenance] 01a0557d-8206-7017-81fb-2dc0ffa1dc32 · step 1/2 — raw REPL confirmed (attempt 1) 
[maintenance] 01a0557d-8206-7017-81fb-2dc0ffa1dc32 · step 1/2 — OK profont_10.py (9362 bytes verified) 
[maintenance] 01a0557d-8206-7017-81fb-2dc0ffa1dc32 · step 1/2 — raw REPL confirmed (attempt 1) 
[maintenance] 01a0557d-8206-7017-81fb-2dc0ffa1dc32 · step 1/2 — OK suzu.json (203 bytes verified) 
[maintenance] 01a0557d-8206-7017-81fb-2dc0ffa1dc32 · step 1/2 — raw REPL confirmed (attempt 1) 
[maintenance] 01a0557d-8206-7017-81fb-2dc0ffa1dc32 · step 1/2 — OK main.py (197 bytes verified) 
[maintenance] 01a0557d-8206-7017-81fb-2dc0ffa1dc32 · step 1/2 — raw REPL confirmed (attempt 1) 
[maintenance] 01a0557d-8206-7017-81fb-2dc0ffa1dc32 · step 1/2 — OK face.mpy (7612 bytes verified) 
[maintenance] 01a0557d-8206-7017-81fb-2dc0ffa1dc32 · step 1/2 — raw REPL confirmed (attempt 1) 
[maintenance] 01a0557d-8206-7017-81fb-2dc0ffa1dc32 · step 1/2 — OK digits_bebas.bin (539 bytes verified) 
[maintenance] 01a0557d-8206-7017-81fb-2dc0ffa1dc32 · step 1/2 — raw REPL confirmed (attempt 1) 
[maintenance] 01a0557d-8206-7017-81fb-2dc0ffa1dc32 · step 1/2 — OK icons.bin (24 bytes verified) 
[maintenance] 01a0557d-8206-7017-81fb-2dc0ffa1dc32 · step 1/2 — rebooted into suzu — run `suzu scan` to verify the handshake 
[maintenance] 01a0557d-8206-7017-81fb-2dc0ffa1dc32 · step 2/2 — Handing to the exam 
[maintenance] COM12: re-identified as esp8266-oled/oled-v2 — respawning
[maintenance] soft saga done for 01a0557d-8206-7017-81fb-2dc0ffa1dc32 — admission decides the stream
[sessions] COM12: consumer translating (suzu/1)
[roster] admission PASSED for 01a0557d-8206-7017-81fb-2dc0ffa1dc32 on COM12 — handshake, currency, ack-law, label-roundtrip, display-truth
[roster] stream attached — 01a0557d-8206-7017-81fb-2dc0ffa1dc32 on COM12
[roster] stream detached — 01a0557d-8206-7017-81fb-2dc0ffa1dc32 on COM12 (maintenance:soft)
[maintenance] soft saga owns 01a0557d-8206-7017-81fb-2dc0ffa1dc32 on COM12 — the stream is withdrawn
[sessions] COM12: released — fireflies when idle
[maintenance] 01a0557d-8206-7017-81fb-2dc0ffa1dc32 · step 1/2 — Installing the suzu face (portrait-numerals-inverted) 
[maintenance] 01a0557d-8206-7017-81fb-2dc0ffa1dc32 · step 1/2 — raw REPL confirmed (attempt 1) 
[maintenance] 01a0557d-8206-7017-81fb-2dc0ffa1dc32 · step 1/2 — device files: ['boot.py', 'digits_bebas.bin', 'face.mpy', 'firefly_oled_v2.py', 'icons.bin', 'icons.py', 'label.txt', 'main.py', 'profont_10.mpy', 'profont_10.py', 'suzu.json', 'zen-garden.json'] 
[maintenance] 01a0557d-8206-7017-81fb-2dc0ffa1dc32 · step 1/2 — backed up boot.py (473 bytes) 
[maintenance] 01a0557d-8206-7017-81fb-2dc0ffa1dc32 · step 1/2 — backed up digits_bebas.bin (539 bytes) 
[maintenance] 01a0557d-8206-7017-81fb-2dc0ffa1dc32 · step 1/2 — backed up face.mpy (7612 bytes) 
[maintenance] 01a0557d-8206-7017-81fb-2dc0ffa1dc32 · step 1/2 — backed up firefly_oled_v2.py (11504 bytes) 
[maintenance] 01a0557d-8206-7017-81fb-2dc0ffa1dc32 · step 1/2 — backed up icons.bin (24 bytes) 
[maintenance] 01a0557d-8206-7017-81fb-2dc0ffa1dc32 · step 1/2 — backed up icons.py (1501 bytes) 
[maintenance] 01a0557d-8206-7017-81fb-2dc0ffa1dc32 · step 1/2 — backed up label.txt (20 bytes) 
[maintenance] 01a0557d-8206-7017-81fb-2dc0ffa1dc32 · step 1/2 — backed up main.py (197 bytes) 
[maintenance] 01a0557d-8206-7017-81fb-2dc0ffa1dc32 · step 1/2 — backed up profont_10.mpy (3963 bytes) 
[maintenance] 01a0557d-8206-7017-81fb-2dc0ffa1dc32 · step 1/2 — backed up profont_10.py (9362 bytes) 
[maintenance] 01a0557d-8206-7017-81fb-2dc0ffa1dc32 · step 1/2 — backed up suzu.json (203 bytes) 
[maintenance] 01a0557d-8206-7017-81fb-2dc0ffa1dc32 · step 1/2 — backed up zen-garden.json (223 bytes) 
[maintenance] 01a0557d-8206-7017-81fb-2dc0ffa1dc32 · step 1/2 — identity preserved: 01a0557d-8206-7017-81fb-2dc0ffa1dc32 
[maintenance] 01a0557d-8206-7017-81fb-2dc0ffa1dc32 · step 1/2 — pushing 9 files to COM12 ... (faceplate: portrait-numerals-inverted) 
[maintenance] 01a0557d-8206-7017-81fb-2dc0ffa1dc32 · step 1/2 — raw REPL confirmed (attempt 1) 
[maintenance] 01a0557d-8206-7017-81fb-2dc0ffa1dc32 · step 1/2 — OK boot.py (473 bytes verified) 
[maintenance] 01a0557d-8206-7017-81fb-2dc0ffa1dc32 · step 1/2 — raw REPL confirmed (attempt 1) 
[maintenance] 01a0557d-8206-7017-81fb-2dc0ffa1dc32 · step 1/2 — OK firefly_oled_v2.py (11504 bytes verified) 
[maintenance] 01a0557d-8206-7017-81fb-2dc0ffa1dc32 · step 1/2 — raw REPL confirmed (attempt 1) 
[maintenance] 01a0557d-8206-7017-81fb-2dc0ffa1dc32 · step 1/2 — OK icons.py (1501 bytes verified) 
[maintenance] 01a0557d-8206-7017-81fb-2dc0ffa1dc32 · step 1/2 — raw REPL confirmed (attempt 1) 
[maintenance] 01a0557d-8206-7017-81fb-2dc0ffa1dc32 · step 1/2 — OK profont_10.py (9362 bytes verified) 
[maintenance] 01a0557d-8206-7017-81fb-2dc0ffa1dc32 · step 1/2 — raw REPL confirmed (attempt 1) 
[maintenance] 01a0557d-8206-7017-81fb-2dc0ffa1dc32 · step 1/2 — OK suzu.json (212 bytes verified) 
[maintenance] 01a0557d-8206-7017-81fb-2dc0ffa1dc32 · step 1/2 — raw REPL confirmed (attempt 1) 
[maintenance] 01a0557d-8206-7017-81fb-2dc0ffa1dc32 · step 1/2 — OK main.py (197 bytes verified) 
[maintenance] 01a0557d-8206-7017-81fb-2dc0ffa1dc32 · step 1/2 — raw REPL confirmed (attempt 1) 
[maintenance] 01a0557d-8206-7017-81fb-2dc0ffa1dc32 · step 1/2 — OK face.mpy (7715 bytes verified) 
[maintenance] 01a0557d-8206-7017-81fb-2dc0ffa1dc32 · step 1/2 — raw REPL confirmed (attempt 1) 
[maintenance] 01a0557d-8206-7017-81fb-2dc0ffa1dc32 · step 1/2 — OK digits_bebas.bin (539 bytes verified) 
[maintenance] 01a0557d-8206-7017-81fb-2dc0ffa1dc32 · step 1/2 — raw REPL confirmed (attempt 1) 
[maintenance] 01a0557d-8206-7017-81fb-2dc0ffa1dc32 · step 1/2 — OK icons.bin (24 bytes verified) 
[maintenance] 01a0557d-8206-7017-81fb-2dc0ffa1dc32 · step 1/2 — rebooted into suzu — run `suzu scan` to verify the handshake 
[maintenance] 01a0557d-8206-7017-81fb-2dc0ffa1dc32 · step 2/2 — Handing to the exam 
[maintenance] COM12: re-identified as esp8266-oled/oled-v2 — respawning
[maintenance] soft saga done for 01a0557d-8206-7017-81fb-2dc0ffa1dc32 — admission decides the stream
[sessions] COM12: consumer translating (suzu/1)
[roster] admission PASSED for 01a0557d-8206-7017-81fb-2dc0ffa1dc32 on COM12 — handshake, currency, ack-law, label-roundtrip, display-truth
[roster] stream attached — 01a0557d-8206-7017-81fb-2dc0ffa1dc32 on COM12
[roster] stream detached — 01a0557d-8206-7017-81fb-2dc0ffa1dc32 on COM12 (maintenance:soft)
[maintenance] soft saga owns 01a0557d-8206-7017-81fb-2dc0ffa1dc32 on COM12 — the stream is withdrawn
[sessions] COM12: released — fireflies when idle
[maintenance] 01a0557d-8206-7017-81fb-2dc0ffa1dc32 · step 1/2 — Installing the suzu face (portrait-numerals-inverted) 
[maintenance] 01a0557d-8206-7017-81fb-2dc0ffa1dc32 · step 1/2 — raw REPL confirmed (attempt 1) 
[maintenance] 01a0557d-8206-7017-81fb-2dc0ffa1dc32 · step 1/2 — device files: ['boot.py', 'digits_bebas.bin', 'face.mpy', 'firefly_oled_v2.py', 'icons.bin', 'icons.py', 'label.txt', 'main.py', 'profont_10.mpy', 'profont_10.py', 'suzu.json', 'zen-garden.json'] 
[maintenance] 01a0557d-8206-7017-81fb-2dc0ffa1dc32 · step 1/2 — backed up boot.py (473 bytes) 
[maintenance] 01a0557d-8206-7017-81fb-2dc0ffa1dc32 · step 1/2 — backed up digits_bebas.bin (539 bytes) 
[maintenance] 01a0557d-8206-7017-81fb-2dc0ffa1dc32 · step 1/2 — backed up face.mpy (7715 bytes) 
[maintenance] 01a0557d-8206-7017-81fb-2dc0ffa1dc32 · step 1/2 — backed up firefly_oled_v2.py (11504 bytes) 
[maintenance] 01a0557d-8206-7017-81fb-2dc0ffa1dc32 · step 1/2 — backed up icons.bin (24 bytes) 
[maintenance] 01a0557d-8206-7017-81fb-2dc0ffa1dc32 · step 1/2 — backed up icons.py (1501 bytes) 
[maintenance] 01a0557d-8206-7017-81fb-2dc0ffa1dc32 · step 1/2 — backed up label.txt (20 bytes) 
[maintenance] 01a0557d-8206-7017-81fb-2dc0ffa1dc32 · step 1/2 — backed up main.py (197 bytes) 
[maintenance] 01a0557d-8206-7017-81fb-2dc0ffa1dc32 · step 1/2 — backed up profont_10.mpy (3963 bytes) 
[maintenance] 01a0557d-8206-7017-81fb-2dc0ffa1dc32 · step 1/2 — backed up profont_10.py (9362 bytes) 
[maintenance] 01a0557d-8206-7017-81fb-2dc0ffa1dc32 · step 1/2 — backed up suzu.json (212 bytes) 
[maintenance] 01a0557d-8206-7017-81fb-2dc0ffa1dc32 · step 1/2 — backed up zen-garden.json (223 bytes) 
[maintenance] 01a0557d-8206-7017-81fb-2dc0ffa1dc32 · step 1/2 — identity preserved: 01a0557d-8206-7017-81fb-2dc0ffa1dc32 
[maintenance] 01a0557d-8206-7017-81fb-2dc0ffa1dc32 · step 1/2 — pushing 9 files to COM12 ... (faceplate: portrait-numerals-inverted) 
[maintenance] 01a0557d-8206-7017-81fb-2dc0ffa1dc32 · step 1/2 — raw REPL confirmed (attempt 1) 
[maintenance] 01a0557d-8206-7017-81fb-2dc0ffa1dc32 · step 1/2 — OK boot.py (473 bytes verified) 
[maintenance] 01a0557d-8206-7017-81fb-2dc0ffa1dc32 · step 1/2 — raw REPL confirmed (attempt 1) 
[maintenance] 01a0557d-8206-7017-81fb-2dc0ffa1dc32 · step 1/2 — OK firefly_oled_v2.py (11504 bytes verified) 
[maintenance] 01a0557d-8206-7017-81fb-2dc0ffa1dc32 · step 1/2 — raw REPL confirmed (attempt 1) 
[maintenance] 01a0557d-8206-7017-81fb-2dc0ffa1dc32 · step 1/2 — OK icons.py (1501 bytes verified) 
[maintenance] 01a0557d-8206-7017-81fb-2dc0ffa1dc32 · step 1/2 — raw REPL confirmed (attempt 1) 
[maintenance] 01a0557d-8206-7017-81fb-2dc0ffa1dc32 · step 1/2 — OK profont_10.py (9362 bytes verified) 
[maintenance] 01a0557d-8206-7017-81fb-2dc0ffa1dc32 · step 1/2 — raw REPL confirmed (attempt 1) 
[maintenance] 01a0557d-8206-7017-81fb-2dc0ffa1dc32 · step 1/2 — OK suzu.json (212 bytes verified) 
[maintenance] 01a0557d-8206-7017-81fb-2dc0ffa1dc32 · step 1/2 — raw REPL confirmed (attempt 1) 
[maintenance] 01a0557d-8206-7017-81fb-2dc0ffa1dc32 · step 1/2 — OK main.py (197 bytes verified) 
[maintenance] 01a0557d-8206-7017-81fb-2dc0ffa1dc32 · step 1/2 — raw REPL confirmed (attempt 1) 
[maintenance] 01a0557d-8206-7017-81fb-2dc0ffa1dc32 · step 1/2 — OK face.mpy (7743 bytes verified) 
[maintenance] 01a0557d-8206-7017-81fb-2dc0ffa1dc32 · step 1/2 — raw REPL confirmed (attempt 1) 
[maintenance] 01a0557d-8206-7017-81fb-2dc0ffa1dc32 · step 1/2 — OK digits_bebas.bin (539 bytes verified) 
[maintenance] 01a0557d-8206-7017-81fb-2dc0ffa1dc32 · step 1/2 — raw REPL confirmed (attempt 1) 
[maintenance] 01a0557d-8206-7017-81fb-2dc0ffa1dc32 · step 1/2 — OK icons.bin (24 bytes verified) 
[maintenance] 01a0557d-8206-7017-81fb-2dc0ffa1dc32 · step 1/2 — rebooted into suzu — run `suzu scan` to verify the handshake 
[maintenance] 01a0557d-8206-7017-81fb-2dc0ffa1dc32 · step 2/2 — Handing to the exam 
[maintenance] COM12: re-identified as esp8266-oled/oled-v2 — respawning
[maintenance] soft saga done for 01a0557d-8206-7017-81fb-2dc0ffa1dc32 — admission decides the stream
[sessions] COM12: consumer translating (suzu/1)
[roster] admission PASSED for 01a0557d-8206-7017-81fb-2dc0ffa1dc32 on COM12 — handshake, currency, ack-law, label-roundtrip, display-truth
[roster] stream attached — 01a0557d-8206-7017-81fb-2dc0ffa1dc32 on COM12
[watcher] gone COM12
[devices] released COM12 (Some("01a0557d-8206-7017-81fb-2dc0ffa1dc32")) — the roster remembers them
[moments] splash: departure 01a0557d-8206-7017-81fb-2dc0ffa1dc32
[roster] stream detached — 01a0557d-8206-7017-81fb-2dc0ffa1dc32 on COM12 (departed)
[sessions] COM12: released — fireflies when idle
[watcher] sensed COM12
[watcher] identified COM12 → esp8266-oled-v2-class · esp8266-oled/oled-v2 v2.0.0
[devices] minding COM12 as Some("esp8266-oled-v2-class") (Some("01a0557d-8206-7017-81fb-2dc0ffa1dc32")) — state Accepted
[moments] splash: discovery 01a0557d-8206-7017-81fb-2dc0ffa1dc32
[roster] held 01a0557d-8206-7017-81fb-2dc0ffa1dc32 on COM12 (esp8266-oled-v2-class) — admission decides the stream
[sessions] COM12: consumer translating (suzu/1)
[roster] admission PASSED for 01a0557d-8206-7017-81fb-2dc0ffa1dc32 on COM12 — handshake, currency, ack-law, label-roundtrip, display-truth
[roster] stream attached — 01a0557d-8206-7017-81fb-2dc0ffa1dc32 on COM12
[sensor] ground: stone-leaded-sparkle · cpu 9% · gpu 1% · mem 57% · disk 59% · up 201906s
[sensor] ground: stone-leaded-sparkle · cpu 7% · gpu 1% · mem 56% · disk 59% · up 202382s
[sensor] ground: stone-leaded-sparkle · cpu 6% · gpu 0% · mem 55% · disk 59% · up 202608s
[sensor] ground: stone-leaded-sparkle · cpu 4% · gpu 0% · mem 55% · disk 59% · up 202650s
[sensor] ground: stone-leaded-sparkle · cpu 10% · gpu 1% · mem 55% · disk 59% · up 202716s
[sensor] ground: stone-leaded-sparkle · cpu 10% · gpu 0% · mem 55% · disk 59% · up 202895s
[sensor] ground: stone-leaded-sparkle · cpu 6% · gpu 0% · mem 55% · disk 59% · up 202977s
[sensor] ground: stone-leaded-sparkle · cpu 6% · gpu 1% · mem 55% · disk 59% · up 203161s
[api] shutdown requested — the resident rests
catalog: 4 class signature(s) from hardware/classes
suzu resident is up — domains: watcher · devices · moments · sensor · roster
plug a device and watch the house talk. `tell <label>` rings the bell · `status` · `q` quits.
control: `suzu pause` / `suzu resume` stop and restart the stream to devices.
[api] the door is open on http://127.0.0.1:7899 — snapshot + stream, one truth
[control] listening on 127.0.0.1:7898 — `suzu pause` / `suzu resume`
[watcher] sensed COM12
[sensor] ground: stone-leaded-sparkle · cpu 6% · gpu 3% · mem 56% · disk 59% · up 204776s
[watcher] identified COM12 → esp8266-oled-v2-class · esp8266-oled/oled-v2 v2.0.0
[devices] minding COM12 as Some("esp8266-oled-v2-class") (Some("01a0557d-8206-7017-81fb-2dc0ffa1dc32")) — state Accepted
[moments] splash: discovery 01a0557d-8206-7017-81fb-2dc0ffa1dc32
[roster] held 01a0557d-8206-7017-81fb-2dc0ffa1dc32 on COM12 (esp8266-oled-v2-class) — admission decides the stream
[sessions] COM12: consumer translating (suzu/1)
[roster] admission FAILED for 01a0557d-8206-7017-81fb-2dc0ffa1dc32 on COM12 — ✗ handshake
[roster] stream detached — 01a0557d-8206-7017-81fb-2dc0ffa1dc32 on COM12 (admission failed)
[roster] stream detached — 01a0557d-8206-7017-81fb-2dc0ffa1dc32 on COM12 (maintenance:soft)
[maintenance] soft saga owns 01a0557d-8206-7017-81fb-2dc0ffa1dc32 on COM12 — the stream is withdrawn
[sessions] COM12: released — fireflies when idle
[maintenance] 01a0557d-8206-7017-81fb-2dc0ffa1dc32 · step 1/2 — Installing the suzu face (portrait-slate) 
[maintenance] 01a0557d-8206-7017-81fb-2dc0ffa1dc32 · step 1/2 — raw REPL confirmed (attempt 1) 
[maintenance] 01a0557d-8206-7017-81fb-2dc0ffa1dc32 · step 1/2 — device files: ['boot.py', 'digits_bebas.bin', 'face.mpy', 'firefly_oled_v2.py', 'icons.bin', 'icons.py', 'label.txt', 'main.py', 'profont_10.mpy', 'profont_10.py', 'suzu.json', 'zen-garden.json'] 
[maintenance] 01a0557d-8206-7017-81fb-2dc0ffa1dc32 · step 1/2 — backed up boot.py (473 bytes) 
[maintenance] 01a0557d-8206-7017-81fb-2dc0ffa1dc32 · step 1/2 — backed up digits_bebas.bin (539 bytes) 
[maintenance] 01a0557d-8206-7017-81fb-2dc0ffa1dc32 · step 1/2 — backed up face.mpy (7743 bytes) 
[maintenance] 01a0557d-8206-7017-81fb-2dc0ffa1dc32 · step 1/2 — backed up firefly_oled_v2.py (11504 bytes) 
[maintenance] 01a0557d-8206-7017-81fb-2dc0ffa1dc32 · step 1/2 — backed up icons.bin (24 bytes) 
[maintenance] 01a0557d-8206-7017-81fb-2dc0ffa1dc32 · step 1/2 — backed up icons.py (1501 bytes) 
[maintenance] 01a0557d-8206-7017-81fb-2dc0ffa1dc32 · step 1/2 — backed up label.txt (20 bytes) 
[maintenance] 01a0557d-8206-7017-81fb-2dc0ffa1dc32 · step 1/2 — backed up main.py (197 bytes) 
[maintenance] 01a0557d-8206-7017-81fb-2dc0ffa1dc32 · step 1/2 — backed up profont_10.mpy (3963 bytes) 
[maintenance] 01a0557d-8206-7017-81fb-2dc0ffa1dc32 · step 1/2 — backed up profont_10.py (9362 bytes) 
[maintenance] 01a0557d-8206-7017-81fb-2dc0ffa1dc32 · step 1/2 — backed up suzu.json (212 bytes) 
[maintenance] 01a0557d-8206-7017-81fb-2dc0ffa1dc32 · step 1/2 — backed up zen-garden.json (223 bytes) 
[maintenance] 01a0557d-8206-7017-81fb-2dc0ffa1dc32 · step 1/2 — identity preserved: 01a0557d-8206-7017-81fb-2dc0ffa1dc32 
[maintenance] 01a0557d-8206-7017-81fb-2dc0ffa1dc32 · step 1/2 — pushing 9 files to COM12 ... (faceplate: portrait-slate) 
[maintenance] 01a0557d-8206-7017-81fb-2dc0ffa1dc32 · step 1/2 — raw REPL confirmed (attempt 1) 
[maintenance] 01a0557d-8206-7017-81fb-2dc0ffa1dc32 · step 1/2 — OK boot.py (473 bytes verified) 
[maintenance] 01a0557d-8206-7017-81fb-2dc0ffa1dc32 · step 1/2 — raw REPL confirmed (attempt 1) 
[maintenance] 01a0557d-8206-7017-81fb-2dc0ffa1dc32 · step 1/2 — OK firefly_oled_v2.py (11504 bytes verified) 
[maintenance] 01a0557d-8206-7017-81fb-2dc0ffa1dc32 · step 1/2 — raw REPL confirmed (attempt 1) 
[maintenance] 01a0557d-8206-7017-81fb-2dc0ffa1dc32 · step 1/2 — OK icons.py (1501 bytes verified) 
[maintenance] 01a0557d-8206-7017-81fb-2dc0ffa1dc32 · step 1/2 — raw REPL confirmed (attempt 1) 
[maintenance] 01a0557d-8206-7017-81fb-2dc0ffa1dc32 · step 1/2 — OK profont_10.py (9362 bytes verified) 
[maintenance] 01a0557d-8206-7017-81fb-2dc0ffa1dc32 · step 1/2 — raw REPL confirmed (attempt 1) 
[maintenance] 01a0557d-8206-7017-81fb-2dc0ffa1dc32 · step 1/2 — OK suzu.json (200 bytes verified) 
[maintenance] 01a0557d-8206-7017-81fb-2dc0ffa1dc32 · step 1/2 — raw REPL confirmed (attempt 1) 
[maintenance] 01a0557d-8206-7017-81fb-2dc0ffa1dc32 · step 1/2 — OK main.py (197 bytes verified) 
[maintenance] 01a0557d-8206-7017-81fb-2dc0ffa1dc32 · step 1/2 — raw REPL confirmed (attempt 1) 
[maintenance] 01a0557d-8206-7017-81fb-2dc0ffa1dc32 · step 1/2 — OK face.mpy (7732 bytes verified) 
[maintenance] 01a0557d-8206-7017-81fb-2dc0ffa1dc32 · step 1/2 — raw REPL confirmed (attempt 1) 
[maintenance] 01a0557d-8206-7017-81fb-2dc0ffa1dc32 · step 1/2 — OK digits_slate.bin (671 bytes verified) 
[maintenance] 01a0557d-8206-7017-81fb-2dc0ffa1dc32 · step 1/2 — raw REPL confirmed (attempt 1) 
[maintenance] 01a0557d-8206-7017-81fb-2dc0ffa1dc32 · step 1/2 — OK icons.bin (24 bytes verified) 
[maintenance] 01a0557d-8206-7017-81fb-2dc0ffa1dc32 · step 1/2 — rebooted into suzu — run `suzu scan` to verify the handshake 
[maintenance] 01a0557d-8206-7017-81fb-2dc0ffa1dc32 · step 2/2 — Handing to the exam 
[maintenance] soft saga done for 01a0557d-8206-7017-81fb-2dc0ffa1dc32 — admission decides the stream
[maintenance] COM12: re-identified as esp8266-oled/oled-v2 — respawning
[sessions] COM12: consumer translating (suzu/1)
[roster] admission PASSED for 01a0557d-8206-7017-81fb-2dc0ffa1dc32 on COM12 — handshake, currency, ack-law, label-roundtrip, display-truth
[roster] stream attached — 01a0557d-8206-7017-81fb-2dc0ffa1dc32 on COM12
[media] the media lane is watched — the faces blink for the window
[roster] stream detached — 01a0557d-8206-7017-81fb-2dc0ffa1dc32 on COM12 (maintenance:soft)
[maintenance] soft saga owns 01a0557d-8206-7017-81fb-2dc0ffa1dc32 on COM12 — the stream is withdrawn
[sessions] COM12: released — fireflies when idle
[maintenance] 01a0557d-8206-7017-81fb-2dc0ffa1dc32 · step 1/2 — Installing the suzu face (portrait-slate) 
[maintenance] 01a0557d-8206-7017-81fb-2dc0ffa1dc32 · step 1/2 — raw REPL confirmed (attempt 1) 
[maintenance] 01a0557d-8206-7017-81fb-2dc0ffa1dc32 · step 1/2 — device files: ['boot.py', 'digits_bebas.bin', 'digits_slate.bin', 'face.mpy', 'firefly_oled_v2.py', 'icons.bin', 'icons.py', 'label.txt', 'main.py', 'profont_10.mpy', 'profont_10.py', 'suzu.json', 'zen-garden.json'] 
[maintenance] 01a0557d-8206-7017-81fb-2dc0ffa1dc32 · step 1/2 — backed up boot.py (473 bytes) 
[maintenance] 01a0557d-8206-7017-81fb-2dc0ffa1dc32 · step 1/2 — backed up digits_bebas.bin (539 bytes) 
[maintenance] 01a0557d-8206-7017-81fb-2dc0ffa1dc32 · step 1/2 — backed up digits_slate.bin (671 bytes) 
[maintenance] 01a0557d-8206-7017-81fb-2dc0ffa1dc32 · step 1/2 — backed up face.mpy (7732 bytes) 
[maintenance] 01a0557d-8206-7017-81fb-2dc0ffa1dc32 · step 1/2 — backed up firefly_oled_v2.py (11504 bytes) 
[maintenance] 01a0557d-8206-7017-81fb-2dc0ffa1dc32 · step 1/2 — backed up icons.bin (24 bytes) 
[maintenance] 01a0557d-8206-7017-81fb-2dc0ffa1dc32 · step 1/2 — backed up icons.py (1501 bytes) 
[maintenance] 01a0557d-8206-7017-81fb-2dc0ffa1dc32 · step 1/2 — backed up label.txt (20 bytes) 
[maintenance] 01a0557d-8206-7017-81fb-2dc0ffa1dc32 · step 1/2 — backed up main.py (197 bytes) 
[maintenance] 01a0557d-8206-7017-81fb-2dc0ffa1dc32 · step 1/2 — backed up profont_10.mpy (3963 bytes) 
[maintenance] 01a0557d-8206-7017-81fb-2dc0ffa1dc32 · step 1/2 — backed up profont_10.py (9362 bytes) 
[maintenance] 01a0557d-8206-7017-81fb-2dc0ffa1dc32 · step 1/2 — backed up suzu.json (200 bytes) 
[maintenance] 01a0557d-8206-7017-81fb-2dc0ffa1dc32 · step 1/2 — backed up zen-garden.json (223 bytes) 
[maintenance] 01a0557d-8206-7017-81fb-2dc0ffa1dc32 · step 1/2 — identity preserved: 01a0557d-8206-7017-81fb-2dc0ffa1dc32 
[maintenance] 01a0557d-8206-7017-81fb-2dc0ffa1dc32 · step 1/2 — pushing 9 files to COM12 ... (faceplate: portrait-slate) 
[maintenance] 01a0557d-8206-7017-81fb-2dc0ffa1dc32 · step 1/2 — raw REPL confirmed (attempt 1) 
[maintenance] 01a0557d-8206-7017-81fb-2dc0ffa1dc32 · step 1/2 — OK boot.py (473 bytes verified) 
[maintenance] 01a0557d-8206-7017-81fb-2dc0ffa1dc32 · step 1/2 — raw REPL confirmed (attempt 1) 
[maintenance] 01a0557d-8206-7017-81fb-2dc0ffa1dc32 · step 1/2 — OK firefly_oled_v2.py (11504 bytes verified) 
[maintenance] 01a0557d-8206-7017-81fb-2dc0ffa1dc32 · step 1/2 — raw REPL confirmed (attempt 1) 
[maintenance] 01a0557d-8206-7017-81fb-2dc0ffa1dc32 · step 1/2 — OK icons.py (1501 bytes verified) 
[maintenance] 01a0557d-8206-7017-81fb-2dc0ffa1dc32 · step 1/2 — raw REPL confirmed (attempt 1) 
[maintenance] 01a0557d-8206-7017-81fb-2dc0ffa1dc32 · step 1/2 — OK profont_10.py (9362 bytes verified) 
[maintenance] 01a0557d-8206-7017-81fb-2dc0ffa1dc32 · step 1/2 — raw REPL confirmed (attempt 1) 
[maintenance] 01a0557d-8206-7017-81fb-2dc0ffa1dc32 · step 1/2 — OK suzu.json (200 bytes verified) 
[maintenance] 01a0557d-8206-7017-81fb-2dc0ffa1dc32 · step 1/2 — raw REPL confirmed (attempt 1) 
[maintenance] 01a0557d-8206-7017-81fb-2dc0ffa1dc32 · step 1/2 — OK main.py (197 bytes verified) 
[maintenance] 01a0557d-8206-7017-81fb-2dc0ffa1dc32 · step 1/2 — raw REPL confirmed (attempt 1) 
[maintenance] 01a0557d-8206-7017-81fb-2dc0ffa1dc32 · step 1/2 — OK face.mpy (7798 bytes verified) 
[maintenance] 01a0557d-8206-7017-81fb-2dc0ffa1dc32 · step 1/2 — raw REPL confirmed (attempt 1) 
[maintenance] 01a0557d-8206-7017-81fb-2dc0ffa1dc32 · step 1/2 — OK digits_slate.bin (671 bytes verified) 
[maintenance] 01a0557d-8206-7017-81fb-2dc0ffa1dc32 · step 1/2 — raw REPL confirmed (attempt 1) 
[maintenance] 01a0557d-8206-7017-81fb-2dc0ffa1dc32 · step 1/2 — OK icons.bin (24 bytes verified) 
[maintenance] 01a0557d-8206-7017-81fb-2dc0ffa1dc32 · step 1/2 — rebooted into suzu — run `suzu scan` to verify the handshake 
[maintenance] 01a0557d-8206-7017-81fb-2dc0ffa1dc32 · step 2/2 — Handing to the exam 
[maintenance] COM12: re-identified as esp8266-oled/oled-v2 — respawning
[maintenance] soft saga done for 01a0557d-8206-7017-81fb-2dc0ffa1dc32 — admission decides the stream
[sessions] COM12: consumer translating (suzu/1)
[roster] admission PASSED for 01a0557d-8206-7017-81fb-2dc0ffa1dc32 on COM12 — handshake, currency, ack-law, label-roundtrip, display-truth
[roster] stream attached — 01a0557d-8206-7017-81fb-2dc0ffa1dc32 on COM12
[roster] stream detached — 01a0557d-8206-7017-81fb-2dc0ffa1dc32 on COM12 (maintenance:soft)
[maintenance] soft saga owns 01a0557d-8206-7017-81fb-2dc0ffa1dc32 on COM12 — the stream is withdrawn
[sessions] COM12: released — fireflies when idle
[maintenance] 01a0557d-8206-7017-81fb-2dc0ffa1dc32 · step 1/2 — Installing the suzu face (portrait-slate) 
[maintenance] 01a0557d-8206-7017-81fb-2dc0ffa1dc32 · step 1/2 — raw REPL confirmed (attempt 1) 
[maintenance] 01a0557d-8206-7017-81fb-2dc0ffa1dc32 · step 1/2 — device files: ['boot.py', 'digits_bebas.bin', 'digits_slate.bin', 'face.mpy', 'firefly_oled_v2.py', 'icons.bin', 'icons.py', 'label.txt', 'main.py', 'profont_10.mpy', 'profont_10.py', 'suzu.json', 'zen-garden.json'] 
[maintenance] 01a0557d-8206-7017-81fb-2dc0ffa1dc32 · step 1/2 — backed up boot.py (473 bytes) 
[maintenance] 01a0557d-8206-7017-81fb-2dc0ffa1dc32 · step 1/2 — backed up digits_bebas.bin (539 bytes) 
[maintenance] 01a0557d-8206-7017-81fb-2dc0ffa1dc32 · step 1/2 — backed up digits_slate.bin (671 bytes) 
[maintenance] 01a0557d-8206-7017-81fb-2dc0ffa1dc32 · step 1/2 — backed up face.mpy (7798 bytes) 
[maintenance] 01a0557d-8206-7017-81fb-2dc0ffa1dc32 · step 1/2 — backed up firefly_oled_v2.py (11504 bytes) 
[maintenance] 01a0557d-8206-7017-81fb-2dc0ffa1dc32 · step 1/2 — backed up icons.bin (24 bytes) 
[maintenance] 01a0557d-8206-7017-81fb-2dc0ffa1dc32 · step 1/2 — backed up icons.py (1501 bytes) 
[maintenance] 01a0557d-8206-7017-81fb-2dc0ffa1dc32 · step 1/2 — backed up label.txt (20 bytes) 
[maintenance] 01a0557d-8206-7017-81fb-2dc0ffa1dc32 · step 1/2 — backed up main.py (197 bytes) 
[maintenance] 01a0557d-8206-7017-81fb-2dc0ffa1dc32 · step 1/2 — backed up profont_10.mpy (3963 bytes) 
[maintenance] 01a0557d-8206-7017-81fb-2dc0ffa1dc32 · step 1/2 — backed up profont_10.py (9362 bytes) 
[maintenance] 01a0557d-8206-7017-81fb-2dc0ffa1dc32 · step 1/2 — backed up suzu.json (200 bytes) 
[maintenance] 01a0557d-8206-7017-81fb-2dc0ffa1dc32 · step 1/2 — backed up zen-garden.json (223 bytes) 
[maintenance] 01a0557d-8206-7017-81fb-2dc0ffa1dc32 · step 1/2 — identity preserved: 01a0557d-8206-7017-81fb-2dc0ffa1dc32 
[maintenance] 01a0557d-8206-7017-81fb-2dc0ffa1dc32 · step 1/2 — pushing 9 files to COM12 ... (faceplate: portrait-slate) 
[maintenance] 01a0557d-8206-7017-81fb-2dc0ffa1dc32 · step 1/2 — raw REPL confirmed (attempt 1) 
[maintenance] 01a0557d-8206-7017-81fb-2dc0ffa1dc32 · step 1/2 — OK boot.py (473 bytes verified) 
[maintenance] 01a0557d-8206-7017-81fb-2dc0ffa1dc32 · step 1/2 — raw REPL confirmed (attempt 1) 
[maintenance] 01a0557d-8206-7017-81fb-2dc0ffa1dc32 · step 1/2 — OK firefly_oled_v2.py (11504 bytes verified) 
[maintenance] 01a0557d-8206-7017-81fb-2dc0ffa1dc32 · step 1/2 — raw REPL confirmed (attempt 1) 
[maintenance] 01a0557d-8206-7017-81fb-2dc0ffa1dc32 · step 1/2 — OK icons.py (1501 bytes verified) 
[maintenance] 01a0557d-8206-7017-81fb-2dc0ffa1dc32 · step 1/2 — raw REPL confirmed (attempt 1) 
[maintenance] 01a0557d-8206-7017-81fb-2dc0ffa1dc32 · step 1/2 — OK profont_10.py (9362 bytes verified) 
[maintenance] 01a0557d-8206-7017-81fb-2dc0ffa1dc32 · step 1/2 — raw REPL confirmed (attempt 1) 
[maintenance] 01a0557d-8206-7017-81fb-2dc0ffa1dc32 · step 1/2 — OK suzu.json (200 bytes verified) 
[maintenance] 01a0557d-8206-7017-81fb-2dc0ffa1dc32 · step 1/2 — raw REPL confirmed (attempt 1) 
[maintenance] 01a0557d-8206-7017-81fb-2dc0ffa1dc32 · step 1/2 — OK main.py (197 bytes verified) 
[maintenance] 01a0557d-8206-7017-81fb-2dc0ffa1dc32 · step 1/2 — raw REPL confirmed (attempt 1) 
[maintenance] 01a0557d-8206-7017-81fb-2dc0ffa1dc32 · step 1/2 — OK face.mpy (7784 bytes verified) 
[maintenance] 01a0557d-8206-7017-81fb-2dc0ffa1dc32 · step 1/2 — raw REPL confirmed (attempt 1) 
[maintenance] 01a0557d-8206-7017-81fb-2dc0ffa1dc32 · step 1/2 — OK digits_slate.bin (561 bytes verified) 
[maintenance] 01a0557d-8206-7017-81fb-2dc0ffa1dc32 · step 1/2 — raw REPL confirmed (attempt 1) 
[maintenance] 01a0557d-8206-7017-81fb-2dc0ffa1dc32 · step 1/2 — OK icons.bin (24 bytes verified) 
[maintenance] 01a0557d-8206-7017-81fb-2dc0ffa1dc32 · step 1/2 — rebooted into suzu — run `suzu scan` to verify the handshake 
[maintenance] 01a0557d-8206-7017-81fb-2dc0ffa1dc32 · step 2/2 — Handing to the exam 
[maintenance] COM12: re-identified as esp8266-oled/oled-v2 — respawning
[maintenance] soft saga done for 01a0557d-8206-7017-81fb-2dc0ffa1dc32 — admission decides the stream
[sessions] COM12: consumer translating (suzu/1)
[roster] admission PASSED for 01a0557d-8206-7017-81fb-2dc0ffa1dc32 on COM12 — handshake, currency, ack-law, label-roundtrip, display-truth
[roster] stream attached — 01a0557d-8206-7017-81fb-2dc0ffa1dc32 on COM12
[sensor] ground: stone-leaded-sparkle · cpu 8% · gpu 3% · mem 55% · disk 59% · up 208190s
[api] shutdown requested — the resident rests
catalog: 4 class signature(s) from hardware/classes
suzu resident is up — domains: watcher · devices · moments · sensor · roster
plug a device and watch the house talk. `tell <label>` rings the bell · `status` · `q` quits.
control: `suzu pause` / `suzu resume` stop and restart the stream to devices.
[api] the door is open on http://127.0.0.1:7899 — snapshot + stream, one truth
[control] listening on 127.0.0.1:7898 — `suzu pause` / `suzu resume`
[watcher] sensed COM12
[sensor] ground: stone-leaded-sparkle · cpu 5% · gpu 3% · mem 55% · disk 59% · up 208248s
[watcher] identified COM12 → esp8266-oled-v2-class · esp8266-oled/oled-v2 v1.0.0
[devices] minding COM12 as Some("esp8266-oled-v2-class") (Some("01a0557d-8206-7017-81fb-2dc0ffa1dc32")) — state Accepted
[roster] held 01a0557d-8206-7017-81fb-2dc0ffa1dc32 on COM12 (esp8266-oled-v2-class) — admission decides the stream
[moments] splash: discovery 01a0557d-8206-7017-81fb-2dc0ffa1dc32
[sessions] COM12: consumer translating (suzu/1)
[roster] admission PASSED for 01a0557d-8206-7017-81fb-2dc0ffa1dc32 on COM12 — handshake, currency, ack-law, label-roundtrip, display-truth
[roster] stream attached — 01a0557d-8206-7017-81fb-2dc0ffa1dc32 on COM12
[roster] stream detached — 01a0557d-8206-7017-81fb-2dc0ffa1dc32 on COM12 (maintenance:soft)
[maintenance] soft saga owns 01a0557d-8206-7017-81fb-2dc0ffa1dc32 on COM12 — the stream is withdrawn
[sessions] COM12: released — fireflies when idle
[maintenance] 01a0557d-8206-7017-81fb-2dc0ffa1dc32 · step 1/2 — Installing the suzu face (portrait-slate) 
[maintenance] 01a0557d-8206-7017-81fb-2dc0ffa1dc32 · step 1/2 — raw REPL confirmed (attempt 1) 
[maintenance] 01a0557d-8206-7017-81fb-2dc0ffa1dc32 · step 1/2 — device files: ['boot.py', 'digits_bebas.bin', 'digits_slate.bin', 'face.mpy', 'firefly_oled_v2.py', 'icons.bin', 'icons.py', 'label.txt', 'main.py', 'profont_10.mpy', 'profont_10.py', 'suzu.json', 'zen-garden.json'] 
[maintenance] 01a0557d-8206-7017-81fb-2dc0ffa1dc32 · step 1/2 — backed up boot.py (473 bytes) 
[maintenance] 01a0557d-8206-7017-81fb-2dc0ffa1dc32 · step 1/2 — backed up digits_bebas.bin (539 bytes) 
[maintenance] 01a0557d-8206-7017-81fb-2dc0ffa1dc32 · step 1/2 — backed up digits_slate.bin (561 bytes) 
[maintenance] 01a0557d-8206-7017-81fb-2dc0ffa1dc32 · step 1/2 — backed up face.mpy (7784 bytes) 
[maintenance] 01a0557d-8206-7017-81fb-2dc0ffa1dc32 · step 1/2 — backed up firefly_oled_v2.py (11504 bytes) 
[maintenance] 01a0557d-8206-7017-81fb-2dc0ffa1dc32 · step 1/2 — backed up icons.bin (24 bytes) 
[maintenance] 01a0557d-8206-7017-81fb-2dc0ffa1dc32 · step 1/2 — backed up icons.py (1501 bytes) 
[maintenance] 01a0557d-8206-7017-81fb-2dc0ffa1dc32 · step 1/2 — backed up label.txt (20 bytes) 
[maintenance] 01a0557d-8206-7017-81fb-2dc0ffa1dc32 · step 1/2 — backed up main.py (197 bytes) 
[maintenance] 01a0557d-8206-7017-81fb-2dc0ffa1dc32 · step 1/2 — backed up profont_10.mpy (3963 bytes) 
[maintenance] 01a0557d-8206-7017-81fb-2dc0ffa1dc32 · step 1/2 — backed up profont_10.py (9362 bytes) 
[maintenance] 01a0557d-8206-7017-81fb-2dc0ffa1dc32 · step 1/2 — backed up suzu.json (200 bytes) 
[maintenance] 01a0557d-8206-7017-81fb-2dc0ffa1dc32 · step 1/2 — backed up zen-garden.json (223 bytes) 
[maintenance] 01a0557d-8206-7017-81fb-2dc0ffa1dc32 · step 1/2 — identity preserved: 01a0557d-8206-7017-81fb-2dc0ffa1dc32 
[maintenance] 01a0557d-8206-7017-81fb-2dc0ffa1dc32 · step 1/2 — pushing 9 files to COM12 ... (faceplate: portrait-slate) 
[maintenance] 01a0557d-8206-7017-81fb-2dc0ffa1dc32 · step 1/2 — raw REPL confirmed (attempt 1) 
[maintenance] 01a0557d-8206-7017-81fb-2dc0ffa1dc32 · step 1/2 — OK boot.py (473 bytes verified) 
[maintenance] 01a0557d-8206-7017-81fb-2dc0ffa1dc32 · step 1/2 — raw REPL confirmed (attempt 1) 
[maintenance] 01a0557d-8206-7017-81fb-2dc0ffa1dc32 · step 1/2 — OK firefly_oled_v2.py (11504 bytes verified) 
[maintenance] 01a0557d-8206-7017-81fb-2dc0ffa1dc32 · step 1/2 — raw REPL confirmed (attempt 1) 
[maintenance] 01a0557d-8206-7017-81fb-2dc0ffa1dc32 · step 1/2 — OK icons.py (1501 bytes verified) 
[maintenance] 01a0557d-8206-7017-81fb-2dc0ffa1dc32 · step 1/2 — raw REPL confirmed (attempt 1) 
[maintenance] 01a0557d-8206-7017-81fb-2dc0ffa1dc32 · step 1/2 — OK profont_10.py (9362 bytes verified) 
[maintenance] 01a0557d-8206-7017-81fb-2dc0ffa1dc32 · step 1/2 — raw REPL confirmed (attempt 1) 
[maintenance] 01a0557d-8206-7017-81fb-2dc0ffa1dc32 · step 1/2 — OK suzu.json (200 bytes verified) 
[maintenance] 01a0557d-8206-7017-81fb-2dc0ffa1dc32 · step 1/2 — raw REPL confirmed (attempt 1) 
[maintenance] 01a0557d-8206-7017-81fb-2dc0ffa1dc32 · step 1/2 — OK main.py (197 bytes verified) 
[maintenance] 01a0557d-8206-7017-81fb-2dc0ffa1dc32 · step 1/2 — raw REPL confirmed (attempt 1) 
[maintenance] 01a0557d-8206-7017-81fb-2dc0ffa1dc32 · step 1/2 — OK face.mpy (7856 bytes verified) 
[maintenance] 01a0557d-8206-7017-81fb-2dc0ffa1dc32 · step 1/2 — raw REPL confirmed (attempt 1) 
[maintenance] 01a0557d-8206-7017-81fb-2dc0ffa1dc32 · step 1/2 — OK digits_slate.bin (561 bytes verified) 
[maintenance] 01a0557d-8206-7017-81fb-2dc0ffa1dc32 · step 1/2 — raw REPL confirmed (attempt 1) 
[maintenance] 01a0557d-8206-7017-81fb-2dc0ffa1dc32 · step 1/2 — OK icons.bin (24 bytes verified) 
[maintenance] 01a0557d-8206-7017-81fb-2dc0ffa1dc32 · step 1/2 — rebooted into suzu — run `suzu scan` to verify the handshake 
[maintenance] 01a0557d-8206-7017-81fb-2dc0ffa1dc32 · step 2/2 — Handing to the exam 
[maintenance] soft saga done for 01a0557d-8206-7017-81fb-2dc0ffa1dc32 — admission decides the stream
[maintenance] COM12: re-identified as esp8266-oled/oled-v2 — respawning
[sessions] COM12: consumer translating (suzu/1)
[roster] admission PASSED for 01a0557d-8206-7017-81fb-2dc0ffa1dc32 on COM12 — handshake, currency, ack-law, label-roundtrip, display-truth
[roster] stream attached — 01a0557d-8206-7017-81fb-2dc0ffa1dc32 on COM12
[api] shutdown requested — the resident rests
catalog: 4 class signature(s) from hardware/classes
suzu resident is up — domains: watcher · devices · moments · sensor · roster
plug a device and watch the house talk. `tell <label>` rings the bell · `status` · `q` quits.
control: `suzu pause` / `suzu resume` stop and restart the stream to devices.
[api] the door is open on http://127.0.0.1:7899 — snapshot + stream, one truth
[control] listening on 127.0.0.1:7898 — `suzu pause` / `suzu resume`
[watcher] sensed COM12
[sensor] ground: stone-leaded-sparkle · cpu 5% · gpu 0% · mem 55% · disk 59% · up 209266s
[watcher] identified COM12 → esp8266-oled-v2-class · esp8266-oled/oled-v2 v1.0.0
[devices] minding COM12 as Some("esp8266-oled-v2-class") (Some("01a0557d-8206-7017-81fb-2dc0ffa1dc32")) — state Accepted
[roster] held 01a0557d-8206-7017-81fb-2dc0ffa1dc32 on COM12 (esp8266-oled-v2-class) — admission decides the stream
[moments] splash: discovery 01a0557d-8206-7017-81fb-2dc0ffa1dc32
[sessions] COM12: consumer translating (suzu/1)
[roster] admission PASSED for 01a0557d-8206-7017-81fb-2dc0ffa1dc32 on COM12 — handshake, currency, ack-law, label-roundtrip, display-truth
[roster] stream attached — 01a0557d-8206-7017-81fb-2dc0ffa1dc32 on COM12
[media] the media lane is watched — the faces blink for the window
[sensor] ground: stone-leaded-sparkle · cpu 7% · gpu 0% · mem 55% · disk 59% · up 209468s
[sensor] ground: stone-leaded-sparkle · cpu 4% · gpu 0% · mem 55% · disk 59% · up 209575s
[sensor] ground: stone-leaded-sparkle · cpu 7% · gpu 0% · mem 55% · disk 59% · up 209616s
[sensor] ground: stone-leaded-sparkle · cpu 7% · gpu 0% · mem 55% · disk 59% · up 209678s
[sensor] ground: stone-leaded-sparkle · cpu 6% · gpu 0% · mem 55% · disk 59% · up 209754s
[sensor] ground: stone-leaded-sparkle · cpu 4% · gpu 0% · mem 55% · disk 59% · up 209779s
[sensor] ground: stone-leaded-sparkle · cpu 7% · gpu 0% · mem 55% · disk 59% · up 209797s
[sensor] ground: stone-leaded-sparkle · cpu 7% · gpu 0% · mem 55% · disk 59% · up 209888s
[sensor] ground: stone-leaded-sparkle · cpu 6% · gpu 0% · mem 55% · disk 59% · up 209974s
[sensor] ground: stone-leaded-sparkle · cpu 6% · gpu 0% · mem 55% · disk 59% · up 210036s
[sensor] ground: stone-leaded-sparkle · cpu 7% · gpu 0% · mem 55% · disk 59% · up 210098s
[sensor] ground: stone-leaded-sparkle · cpu 4% · gpu 0% · mem 55% · disk 59% · up 210215s
[sensor] ground: stone-leaded-sparkle · cpu 7% · gpu 0% · mem 55% · disk 59% · up 210238s
[sensor] ground: stone-leaded-sparkle · cpu 7% · gpu 0% · mem 55% · disk 59% · up 210757s
[sensor] ground: stone-leaded-sparkle · cpu 6% · gpu 0% · mem 55% · disk 59% · up 210839s
[sensor] ground: stone-leaded-sparkle · cpu 7% · gpu 0% · mem 54% · disk 59% · up 210878s
[sensor] ground: stone-leaded-sparkle · cpu 4% · gpu 0% · mem 54% · disk 59% · up 211086s
[sensor] ground: stone-leaded-sparkle · cpu 4% · gpu 0% · mem 54% · disk 59% · up 211129s
[sensor] ground: stone-leaded-sparkle · cpu 6% · gpu 0% · mem 54% · disk 59% · up 211253s
[sensor] ground: stone-leaded-sparkle · cpu 6% · gpu 0% · mem 55% · disk 59% · up 211465s
[sensor] ground: stone-leaded-sparkle · cpu 4% · gpu 0% · mem 55% · disk 59% · up 211702s
[api] shutdown requested — the resident rests
catalog: 4 class signature(s) from hardware/classes
suzu resident is up — domains: watcher · devices · moments · sensor · roster
plug a device and watch the house talk. `tell <label>` rings the bell · `status` · `q` quits.
[api] the door is open on http://127.0.0.1:7899 — snapshot + stream, one truth
control: `suzu pause` / `suzu resume` stop and restart the stream to devices.
[control] listening on 127.0.0.1:7898 — `suzu pause` / `suzu resume`
[watcher] sensed COM12
[sensor] ground: stone-leaded-sparkle · cpu 7% · gpu 2% · mem 56% · disk 59% · up 212553s
[watcher] identified COM12 → esp8266-oled-v2-class · esp8266-oled/oled-v2 v1.0.0
[devices] minding COM12 as Some("esp8266-oled-v2-class") (Some("01a0557d-8206-7017-81fb-2dc0ffa1dc32")) — state Accepted
[moments] splash: discovery 01a0557d-8206-7017-81fb-2dc0ffa1dc32
[roster] held 01a0557d-8206-7017-81fb-2dc0ffa1dc32 on COM12 (esp8266-oled-v2-class) — admission decides the stream
[sessions] COM12: consumer translating (suzu/1)
[roster] admission PASSED for 01a0557d-8206-7017-81fb-2dc0ffa1dc32 on COM12 — handshake, ack-law, label-roundtrip, display-truth
[roster] stream attached — 01a0557d-8206-7017-81fb-2dc0ffa1dc32 on COM12
[api] shutdown requested — the resident rests
catalog: 4 class signature(s) from hardware/classes
suzu resident is up — domains: watcher · devices · moments · sensor · roster
plug a device and watch the house talk. `tell <label>` rings the bell · `status` · `q` quits.
control: `suzu pause` / `suzu resume` stop and restart the stream to devices.
[api] the door is open on http://127.0.0.1:7899 — snapshot + stream, one truth
[control] listening on 127.0.0.1:7898 — `suzu pause` / `suzu resume`
[watcher] sensed COM12
[sensor] ground: stone-leaded-sparkle · cpu 6% · gpu 3% · mem 56% · disk 59% · up 212750s
[watcher] identified COM12 → esp8266-oled-v2-class · esp8266-oled/oled-v2 v1.0.0
[devices] minding COM12 as Some("esp8266-oled-v2-class") (Some("01a0557d-8206-7017-81fb-2dc0ffa1dc32")) — state Accepted
[roster] held 01a0557d-8206-7017-81fb-2dc0ffa1dc32 on COM12 (esp8266-oled-v2-class) — admission decides the stream
[moments] splash: discovery 01a0557d-8206-7017-81fb-2dc0ffa1dc32
[sessions] COM12: consumer translating (suzu/1)
[roster] admission FAILED for 01a0557d-8206-7017-81fb-2dc0ffa1dc32 on COM12 — handshake, ✗ currency
[roster] stream detached — 01a0557d-8206-7017-81fb-2dc0ffa1dc32 on COM12 (admission failed)
[roster] stream detached — 01a0557d-8206-7017-81fb-2dc0ffa1dc32 on COM12 (maintenance:soft)
[maintenance] soft saga owns 01a0557d-8206-7017-81fb-2dc0ffa1dc32 on COM12 — the stream is withdrawn
[sessions] COM12: released — fireflies when idle
[maintenance] 01a0557d-8206-7017-81fb-2dc0ffa1dc32 · step 1/2 — Installing the suzu face (slate) 
[maintenance] 01a0557d-8206-7017-81fb-2dc0ffa1dc32 · step 1/2 — raw REPL confirmed (attempt 1) 
[maintenance] 01a0557d-8206-7017-81fb-2dc0ffa1dc32 · step 1/2 — device files: ['boot.py', 'digits_bebas.bin', 'digits_slate.bin', 'face.mpy', 'firefly_oled_v2.py', 'icons.bin', 'icons.py', 'label.txt', 'main.py', 'profont_10.mpy', 'profont_10.py', 'suzu.json', 'zen-garden.json'] 
[maintenance] 01a0557d-8206-7017-81fb-2dc0ffa1dc32 · step 1/2 — backed up boot.py (473 bytes) 
[maintenance] 01a0557d-8206-7017-81fb-2dc0ffa1dc32 · step 1/2 — backed up digits_bebas.bin (539 bytes) 
[maintenance] 01a0557d-8206-7017-81fb-2dc0ffa1dc32 · step 1/2 — backed up digits_slate.bin (561 bytes) 
[maintenance] 01a0557d-8206-7017-81fb-2dc0ffa1dc32 · step 1/2 — backed up face.mpy (7856 bytes) 
[maintenance] 01a0557d-8206-7017-81fb-2dc0ffa1dc32 · step 1/2 — backed up firefly_oled_v2.py (11504 bytes) 
[maintenance] 01a0557d-8206-7017-81fb-2dc0ffa1dc32 · step 1/2 — backed up icons.bin (24 bytes) 
[maintenance] 01a0557d-8206-7017-81fb-2dc0ffa1dc32 · step 1/2 — backed up icons.py (1501 bytes) 
[maintenance] 01a0557d-8206-7017-81fb-2dc0ffa1dc32 · step 1/2 — backed up label.txt (20 bytes) 
[maintenance] 01a0557d-8206-7017-81fb-2dc0ffa1dc32 · step 1/2 — backed up main.py (197 bytes) 
[maintenance] 01a0557d-8206-7017-81fb-2dc0ffa1dc32 · step 1/2 — backed up profont_10.mpy (3963 bytes) 
[maintenance] 01a0557d-8206-7017-81fb-2dc0ffa1dc32 · step 1/2 — backed up profont_10.py (9362 bytes) 
[maintenance] 01a0557d-8206-7017-81fb-2dc0ffa1dc32 · step 1/2 — backed up suzu.json (200 bytes) 
[maintenance] 01a0557d-8206-7017-81fb-2dc0ffa1dc32 · step 1/2 — backed up zen-garden.json (223 bytes) 
[maintenance] 01a0557d-8206-7017-81fb-2dc0ffa1dc32 · step 1/2 — identity preserved: 01a0557d-8206-7017-81fb-2dc0ffa1dc32 
[maintenance] 01a0557d-8206-7017-81fb-2dc0ffa1dc32 · step 1/2 — pushing 9 files to COM12 ... (faceplate: slate) 
[maintenance] 01a0557d-8206-7017-81fb-2dc0ffa1dc32 · step 1/2 — raw REPL confirmed (attempt 1) 
[maintenance] 01a0557d-8206-7017-81fb-2dc0ffa1dc32 · step 1/2 — OK boot.py (473 bytes verified) 
[maintenance] 01a0557d-8206-7017-81fb-2dc0ffa1dc32 · step 1/2 — raw REPL confirmed (attempt 1) 
[maintenance] 01a0557d-8206-7017-81fb-2dc0ffa1dc32 · step 1/2 — OK firefly_oled_v2.py (11504 bytes verified) 
[maintenance] 01a0557d-8206-7017-81fb-2dc0ffa1dc32 · step 1/2 — raw REPL confirmed (attempt 1) 
[maintenance] 01a0557d-8206-7017-81fb-2dc0ffa1dc32 · step 1/2 — OK icons.py (1501 bytes verified) 
[maintenance] 01a0557d-8206-7017-81fb-2dc0ffa1dc32 · step 1/2 — raw REPL confirmed (attempt 1) 
[maintenance] 01a0557d-8206-7017-81fb-2dc0ffa1dc32 · step 1/2 — OK profont_10.py (9362 bytes verified) 
[maintenance] 01a0557d-8206-7017-81fb-2dc0ffa1dc32 · step 1/2 — raw REPL confirmed (attempt 1) 
[maintenance] 01a0557d-8206-7017-81fb-2dc0ffa1dc32 · step 1/2 — OK suzu.json (191 bytes verified) 
[maintenance] 01a0557d-8206-7017-81fb-2dc0ffa1dc32 · step 1/2 — raw REPL confirmed (attempt 1) 
[maintenance] 01a0557d-8206-7017-81fb-2dc0ffa1dc32 · step 1/2 — OK main.py (197 bytes verified) 
[maintenance] 01a0557d-8206-7017-81fb-2dc0ffa1dc32 · step 1/2 — raw REPL confirmed (attempt 1) 
[maintenance] 01a0557d-8206-7017-81fb-2dc0ffa1dc32 · step 1/2 — OK face.mpy (7939 bytes verified) 
[maintenance] 01a0557d-8206-7017-81fb-2dc0ffa1dc32 · step 1/2 — raw REPL confirmed (attempt 1) 
[maintenance] 01a0557d-8206-7017-81fb-2dc0ffa1dc32 · step 1/2 — OK digits_slate.bin (561 bytes verified) 
[maintenance] 01a0557d-8206-7017-81fb-2dc0ffa1dc32 · step 1/2 — raw REPL confirmed (attempt 1) 
[maintenance] 01a0557d-8206-7017-81fb-2dc0ffa1dc32 · step 1/2 — OK icons.bin (24 bytes verified) 
[maintenance] 01a0557d-8206-7017-81fb-2dc0ffa1dc32 · step 1/2 — rebooted into suzu — run `suzu scan` to verify the handshake 
[maintenance] 01a0557d-8206-7017-81fb-2dc0ffa1dc32 · step 2/2 — Handing to the exam 
[maintenance] soft saga done for 01a0557d-8206-7017-81fb-2dc0ffa1dc32 — admission decides the stream
[maintenance] COM12: re-identified as esp8266-oled/oled-v2 — respawning
[sessions] COM12: consumer translating (suzu/1)
[roster] admission PASSED for 01a0557d-8206-7017-81fb-2dc0ffa1dc32 on COM12 — handshake, currency, ack-law, label-roundtrip, display-truth
[roster] stream attached — 01a0557d-8206-7017-81fb-2dc0ffa1dc32 on COM12
[media] the media lane is watched — the faces blink for the window
[sensor] ground: stone-leaded-sparkle · cpu 5% · gpu 0% · mem 56% · disk 59% · up 213201s
[sensor] ground: stone-leaded-sparkle · cpu 5% · gpu 0% · mem 56% · disk 59% · up 213440s
[api] shutdown requested — the resident rests
catalog: 4 class signature(s) from hardware/classes
[api] the door is open on http://127.0.0.1:7899 — snapshot + stream, one truth
suzu resident is up — domains: watcher · devices · moments · sensor · roster
plug a device and watch the house talk. `tell <label>` rings the bell · `status` · `q` quits.
control: `suzu pause` / `suzu resume` stop and restart the stream to devices.
[control] listening on 127.0.0.1:7898 — `suzu pause` / `suzu resume`
[watcher] sensed COM12
[sensor] ground: stone-leaded-sparkle · cpu 67% · gpu 87% · mem 69% · disk 59% · up 213851s
[watcher] identified COM12 → esp8266-oled · esp8266-oled/oled-v2 v1.0.0
[devices] minding COM12 as Some("esp8266-oled") (Some("01a0557d-8206-7017-81fb-2dc0ffa1dc32")) — state Accepted
[roster] held 01a0557d-8206-7017-81fb-2dc0ffa1dc32 on COM12 (esp8266-oled) — admission decides the stream
[moments] splash: discovery 01a0557d-8206-7017-81fb-2dc0ffa1dc32
[sessions] COM12: consumer translating (suzu/1)
[roster] admission FAILED for 01a0557d-8206-7017-81fb-2dc0ffa1dc32 on COM12 — handshake, ✗ currency
[house] COM12: dress slate is stale — updating it (the house keeps its own current)
[roster] stream detached — 01a0557d-8206-7017-81fb-2dc0ffa1dc32 on COM12 (admission failed)
[roster] stream detached — 01a0557d-8206-7017-81fb-2dc0ffa1dc32 on COM12 (maintenance:soft)
[maintenance] soft saga owns 01a0557d-8206-7017-81fb-2dc0ffa1dc32 on COM12 — the stream is withdrawn
[sessions] COM12: released — fireflies when idle
[maintenance] 01a0557d-8206-7017-81fb-2dc0ffa1dc32 · step 1/2 — Installing the suzu face (slate) 
[maintenance] 01a0557d-8206-7017-81fb-2dc0ffa1dc32 · step 1/2 — raw REPL confirmed (attempt 1) 
[maintenance] 01a0557d-8206-7017-81fb-2dc0ffa1dc32 · step 1/2 — device files: ['boot.py', 'digits_bebas.bin', 'digits_slate.bin', 'face.mpy', 'firefly_oled_v2.py', 'icons.bin', 'icons.py', 'label.txt', 'main.py', 'profont_10.mpy', 'profont_10.py', 'suzu.json', 'zen-garden.json'] 
[maintenance] 01a0557d-8206-7017-81fb-2dc0ffa1dc32 · step 1/2 — backed up boot.py (473 bytes) 
[maintenance] 01a0557d-8206-7017-81fb-2dc0ffa1dc32 · step 1/2 — backed up digits_bebas.bin (539 bytes) 
[maintenance] 01a0557d-8206-7017-81fb-2dc0ffa1dc32 · step 1/2 — backed up digits_slate.bin (561 bytes) 
[maintenance] 01a0557d-8206-7017-81fb-2dc0ffa1dc32 · step 1/2 — backed up face.mpy (7939 bytes) 
[maintenance] 01a0557d-8206-7017-81fb-2dc0ffa1dc32 · step 1/2 — backed up firefly_oled_v2.py (11504 bytes) 
[maintenance] 01a0557d-8206-7017-81fb-2dc0ffa1dc32 · step 1/2 — backed up icons.bin (24 bytes) 
[maintenance] 01a0557d-8206-7017-81fb-2dc0ffa1dc32 · step 1/2 — backed up icons.py (1501 bytes) 
[maintenance] 01a0557d-8206-7017-81fb-2dc0ffa1dc32 · step 1/2 — backed up label.txt (20 bytes) 
[maintenance] 01a0557d-8206-7017-81fb-2dc0ffa1dc32 · step 1/2 — backed up main.py (197 bytes) 
[maintenance] 01a0557d-8206-7017-81fb-2dc0ffa1dc32 · step 1/2 — backed up profont_10.mpy (3963 bytes) 
[maintenance] 01a0557d-8206-7017-81fb-2dc0ffa1dc32 · step 1/2 — backed up profont_10.py (9362 bytes) 
[maintenance] 01a0557d-8206-7017-81fb-2dc0ffa1dc32 · step 1/2 — backed up suzu.json (191 bytes) 
[maintenance] 01a0557d-8206-7017-81fb-2dc0ffa1dc32 · step 1/2 — backed up zen-garden.json (223 bytes) 
[maintenance] 01a0557d-8206-7017-81fb-2dc0ffa1dc32 · step 1/2 — FileNotFoundError: [Errno 2] No such file or directory: 'firmware/suzu-d/esp8266-oled/boot.py' 
[maintenance] 01a0557d-8206-7017-81fb-2dc0ffa1dc32 · step 1/2 — Installing the suzu face (slate) (failed) ✗ push_firmware.py failed: FileNotFoundError: [Errno 2] No such file or directory: 'firmware/suzu-d/esp8266-oled/boot.py'
[maintenance] COM12: failed — push_firmware.py failed: FileNotFoundError: [Errno 2] No such file or directory: 'firmware/suzu-d/esp8266-oled/boot.py'
[maintenance] 01a0557d-8206-7017-81fb-2dc0ffa1dc32 · step 2/2 — failed ✗ push_firmware.py failed: FileNotFoundError: [Errno 2] No such file or directory: 'firmware/suzu-d/esp8266-oled/boot.py'
[maintenance] COM12: re-identified as esp8266-oled/oled-v2 — respawning
[maintenance] soft saga failed for 01a0557d-8206-7017-81fb-2dc0ffa1dc32 — admission decides the stream
[sessions] COM12: consumer translating (suzu/1)
[roster] admission FAILED for 01a0557d-8206-7017-81fb-2dc0ffa1dc32 on COM12 — handshake, ✗ currency
[house] COM12: dress slate is stale — updating it (the house keeps its own current)
[roster] stream detached — 01a0557d-8206-7017-81fb-2dc0ffa1dc32 on COM12 (admission failed)
[roster] stream detached — 01a0557d-8206-7017-81fb-2dc0ffa1dc32 on COM12 (maintenance:soft)
[maintenance] soft saga owns 01a0557d-8206-7017-81fb-2dc0ffa1dc32 on COM12 — the stream is withdrawn
[sessions] COM12: released — fireflies when idle
[maintenance] 01a0557d-8206-7017-81fb-2dc0ffa1dc32 · step 1/2 — Installing the suzu face (slate) 
[maintenance] 01a0557d-8206-7017-81fb-2dc0ffa1dc32 · step 1/2 — raw REPL confirmed (attempt 1) 
[maintenance] 01a0557d-8206-7017-81fb-2dc0ffa1dc32 · step 1/2 — device files: ['boot.py', 'digits_bebas.bin', 'digits_slate.bin', 'face.mpy', 'firefly_oled_v2.py', 'icons.bin', 'icons.py', 'label.txt', 'main.py', 'profont_10.mpy', 'profont_10.py', 'suzu.json', 'zen-garden.json'] 
[maintenance] 01a0557d-8206-7017-81fb-2dc0ffa1dc32 · step 1/2 — backed up boot.py (473 bytes) 
[maintenance] 01a0557d-8206-7017-81fb-2dc0ffa1dc32 · step 1/2 — backed up digits_bebas.bin (539 bytes) 
[maintenance] 01a0557d-8206-7017-81fb-2dc0ffa1dc32 · step 1/2 — backed up digits_slate.bin (561 bytes) 
[maintenance] 01a0557d-8206-7017-81fb-2dc0ffa1dc32 · step 1/2 — backed up face.mpy (7939 bytes) 
[maintenance] 01a0557d-8206-7017-81fb-2dc0ffa1dc32 · step 1/2 — backed up firefly_oled_v2.py (11504 bytes) 
[maintenance] 01a0557d-8206-7017-81fb-2dc0ffa1dc32 · step 1/2 — backed up icons.bin (24 bytes) 
[maintenance] 01a0557d-8206-7017-81fb-2dc0ffa1dc32 · step 1/2 — backed up icons.py (1501 bytes) 
[maintenance] 01a0557d-8206-7017-81fb-2dc0ffa1dc32 · step 1/2 — backed up label.txt (20 bytes) 
[maintenance] 01a0557d-8206-7017-81fb-2dc0ffa1dc32 · step 1/2 — backed up main.py (197 bytes) 
[maintenance] 01a0557d-8206-7017-81fb-2dc0ffa1dc32 · step 1/2 — backed up profont_10.mpy (3963 bytes) 
[maintenance] 01a0557d-8206-7017-81fb-2dc0ffa1dc32 · step 1/2 — backed up profont_10.py (9362 bytes) 
[maintenance] 01a0557d-8206-7017-81fb-2dc0ffa1dc32 · step 1/2 — backed up suzu.json (191 bytes) 
[maintenance] 01a0557d-8206-7017-81fb-2dc0ffa1dc32 · step 1/2 — backed up zen-garden.json (223 bytes) 
[maintenance] 01a0557d-8206-7017-81fb-2dc0ffa1dc32 · step 1/2 — FileNotFoundError: [Errno 2] No such file or directory: 'firmware/suzu-d/esp8266-oled/boot.py' 
[maintenance] 01a0557d-8206-7017-81fb-2dc0ffa1dc32 · step 1/2 — Installing the suzu face (slate) (failed) ✗ push_firmware.py failed: FileNotFoundError: [Errno 2] No such file or directory: 'firmware/suzu-d/esp8266-oled/boot.py'
[maintenance] 01a0557d-8206-7017-81fb-2dc0ffa1dc32 · step 2/2 — failed ✗ push_firmware.py failed: FileNotFoundError: [Errno 2] No such file or directory: 'firmware/suzu-d/esp8266-oled/boot.py'
[maintenance] COM12: failed — push_firmware.py failed: FileNotFoundError: [Errno 2] No such file or directory: 'firmware/suzu-d/esp8266-oled/boot.py'
[maintenance] COM12: re-identified as esp8266-oled/oled-v2 — respawning
[maintenance] soft saga failed for 01a0557d-8206-7017-81fb-2dc0ffa1dc32 — admission decides the stream
[sessions] COM12: consumer translating (suzu/1)
[roster] admission FAILED for 01a0557d-8206-7017-81fb-2dc0ffa1dc32 on COM12 — handshake, ✗ currency
[roster] stream detached — 01a0557d-8206-7017-81fb-2dc0ffa1dc32 on COM12 (admission failed)
[api] shutdown requested — the resident rests
catalog: 4 class signature(s) from hardware/classes
suzu resident is up — domains: watcher · devices · moments · sensor · roster
[api] the door is open on http://127.0.0.1:7899 — snapshot + stream, one truth
plug a device and watch the house talk. `tell <label>` rings the bell · `status` · `q` quits.
control: `suzu pause` / `suzu resume` stop and restart the stream to devices.
[control] listening on 127.0.0.1:7898 — `suzu pause` / `suzu resume`
[watcher] sensed COM12
[sensor] ground: stone-leaded-sparkle · cpu 62% · gpu 92% · mem 69% · disk 59% · up 214114s
[watcher] identified COM12 → esp8266-oled · esp8266-oled/oled-v2 v1.0.0
[devices] minding COM12 as Some("esp8266-oled") (Some("01a0557d-8206-7017-81fb-2dc0ffa1dc32")) — state Accepted
[moments] splash: discovery 01a0557d-8206-7017-81fb-2dc0ffa1dc32
[roster] held 01a0557d-8206-7017-81fb-2dc0ffa1dc32 on COM12 (esp8266-oled) — admission decides the stream
[sessions] COM12: consumer translating (suzu/1)
[roster] admission FAILED for 01a0557d-8206-7017-81fb-2dc0ffa1dc32 on COM12 — handshake, ✗ currency
[house] COM12: dress slate is stale — updating it (the house keeps its own current)
[roster] stream detached — 01a0557d-8206-7017-81fb-2dc0ffa1dc32 on COM12 (maintenance:soft)
[maintenance] soft saga owns 01a0557d-8206-7017-81fb-2dc0ffa1dc32 on COM12 — the stream is withdrawn
[roster] stream detached — 01a0557d-8206-7017-81fb-2dc0ffa1dc32 on COM12 (admission failed)
[sessions] COM12: released — fireflies when idle
[maintenance] 01a0557d-8206-7017-81fb-2dc0ffa1dc32 · step 1/2 — Installing the suzu face (slate) 
[maintenance] 01a0557d-8206-7017-81fb-2dc0ffa1dc32 · step 1/2 — raw REPL confirmed (attempt 1) 
[maintenance] 01a0557d-8206-7017-81fb-2dc0ffa1dc32 · step 1/2 — device files: ['boot.py', 'digits_bebas.bin', 'digits_slate.bin', 'face.mpy', 'firefly_oled_v2.py', 'icons.bin', 'icons.py', 'label.txt', 'main.py', 'profont_10.mpy', 'profont_10.py', 'suzu.json', 'zen-garden.json'] 
[maintenance] 01a0557d-8206-7017-81fb-2dc0ffa1dc32 · step 1/2 — backed up boot.py (473 bytes) 
[maintenance] 01a0557d-8206-7017-81fb-2dc0ffa1dc32 · step 1/2 — backed up digits_bebas.bin (539 bytes) 
[maintenance] 01a0557d-8206-7017-81fb-2dc0ffa1dc32 · step 1/2 — backed up digits_slate.bin (561 bytes) 
[maintenance] 01a0557d-8206-7017-81fb-2dc0ffa1dc32 · step 1/2 — backed up face.mpy (7939 bytes) 
[maintenance] 01a0557d-8206-7017-81fb-2dc0ffa1dc32 · step 1/2 — backed up firefly_oled_v2.py (11504 bytes) 
[maintenance] 01a0557d-8206-7017-81fb-2dc0ffa1dc32 · step 1/2 — backed up icons.bin (24 bytes) 
[maintenance] 01a0557d-8206-7017-81fb-2dc0ffa1dc32 · step 1/2 — backed up icons.py (1501 bytes) 
[maintenance] 01a0557d-8206-7017-81fb-2dc0ffa1dc32 · step 1/2 — backed up label.txt (20 bytes) 
[maintenance] 01a0557d-8206-7017-81fb-2dc0ffa1dc32 · step 1/2 — backed up main.py (197 bytes) 
[maintenance] 01a0557d-8206-7017-81fb-2dc0ffa1dc32 · step 1/2 — backed up profont_10.mpy (3963 bytes) 
[maintenance] 01a0557d-8206-7017-81fb-2dc0ffa1dc32 · step 1/2 — backed up profont_10.py (9362 bytes) 
[maintenance] 01a0557d-8206-7017-81fb-2dc0ffa1dc32 · step 1/2 — backed up suzu.json (191 bytes) 
[maintenance] 01a0557d-8206-7017-81fb-2dc0ffa1dc32 · step 1/2 — backed up zen-garden.json (223 bytes) 
[maintenance] 01a0557d-8206-7017-81fb-2dc0ffa1dc32 · step 1/2 — identity preserved: 01a0557d-8206-7017-81fb-2dc0ffa1dc32 
[maintenance] 01a0557d-8206-7017-81fb-2dc0ffa1dc32 · step 1/2 — pushing 9 files to COM12 ... (faceplate: slate) 
[maintenance] 01a0557d-8206-7017-81fb-2dc0ffa1dc32 · step 1/2 — raw REPL confirmed (attempt 1) 
[maintenance] 01a0557d-8206-7017-81fb-2dc0ffa1dc32 · step 1/2 — OK boot.py (473 bytes verified) 
[maintenance] 01a0557d-8206-7017-81fb-2dc0ffa1dc32 · step 1/2 — raw REPL confirmed (attempt 1) 
[maintenance] 01a0557d-8206-7017-81fb-2dc0ffa1dc32 · step 1/2 — OK firefly_oled_v2.py (11504 bytes verified) 
[maintenance] 01a0557d-8206-7017-81fb-2dc0ffa1dc32 · step 1/2 — raw REPL confirmed (attempt 1) 
[maintenance] 01a0557d-8206-7017-81fb-2dc0ffa1dc32 · step 1/2 — OK icons.py (1501 bytes verified) 
[maintenance] 01a0557d-8206-7017-81fb-2dc0ffa1dc32 · step 1/2 — raw REPL confirmed (attempt 1) 
[maintenance] 01a0557d-8206-7017-81fb-2dc0ffa1dc32 · step 1/2 — OK profont_10.py (9362 bytes verified) 
[maintenance] 01a0557d-8206-7017-81fb-2dc0ffa1dc32 · step 1/2 — raw REPL confirmed (attempt 1) 
[maintenance] 01a0557d-8206-7017-81fb-2dc0ffa1dc32 · step 1/2 — OK suzu.json (191 bytes verified) 
[maintenance] 01a0557d-8206-7017-81fb-2dc0ffa1dc32 · step 1/2 — raw REPL confirmed (attempt 1) 
[maintenance] 01a0557d-8206-7017-81fb-2dc0ffa1dc32 · step 1/2 — OK main.py (197 bytes verified) 
[maintenance] 01a0557d-8206-7017-81fb-2dc0ffa1dc32 · step 1/2 — raw REPL confirmed (attempt 1) 
[maintenance] 01a0557d-8206-7017-81fb-2dc0ffa1dc32 · step 1/2 — OK face.mpy (7936 bytes verified) 
[maintenance] 01a0557d-8206-7017-81fb-2dc0ffa1dc32 · step 1/2 — raw REPL confirmed (attempt 1) 
[maintenance] 01a0557d-8206-7017-81fb-2dc0ffa1dc32 · step 1/2 — OK digits_slate.bin (561 bytes verified) 
[maintenance] 01a0557d-8206-7017-81fb-2dc0ffa1dc32 · step 1/2 — raw REPL confirmed (attempt 1) 
[maintenance] 01a0557d-8206-7017-81fb-2dc0ffa1dc32 · step 1/2 — OK icons.bin (24 bytes verified) 
[maintenance] 01a0557d-8206-7017-81fb-2dc0ffa1dc32 · step 1/2 — rebooted into suzu — run `suzu scan` to verify the handshake 
[maintenance] 01a0557d-8206-7017-81fb-2dc0ffa1dc32 · step 2/2 — Handing to the exam 
[maintenance] COM12: re-identified as esp8266-oled/oled-v2 — respawning
[maintenance] soft saga done for 01a0557d-8206-7017-81fb-2dc0ffa1dc32 — admission decides the stream
[sessions] COM12: consumer translating (suzu/1)
[roster] admission PASSED for 01a0557d-8206-7017-81fb-2dc0ffa1dc32 on COM12 — handshake, currency, ack-law, label-roundtrip, display-truth
[roster] stream attached — 01a0557d-8206-7017-81fb-2dc0ffa1dc32 on COM12
[media] the media lane is watched — the faces blink for the window
[api] shutdown requested — the resident rests
catalog: 4 class signature(s) from hardware/classes
suzu resident is up — domains: watcher · devices · moments · sensor · roster
[api] the door is open on http://127.0.0.1:7899 — snapshot + stream, one truth
plug a device and watch the house talk. `tell <label>` rings the bell · `status` · `q` quits.
control: `suzu pause` / `suzu resume` stop and restart the stream to devices.
[control] listening on 127.0.0.1:7898 — `suzu pause` / `suzu resume`
[watcher] sensed COM12
[sensor] ground: stone-leaded-sparkle · cpu 52% · gpu 93% · mem 69% · disk 59% · up 215157s
[watcher] identified COM12 → esp8266-oled · esp8266-oled/oled-v2 v1.1.0
[devices] minding COM12 as Some("esp8266-oled") (Some("01a0557d-8206-7017-81fb-2dc0ffa1dc32")) — state Accepted
[moments] splash: discovery 01a0557d-8206-7017-81fb-2dc0ffa1dc32
[roster] held 01a0557d-8206-7017-81fb-2dc0ffa1dc32 on COM12 (esp8266-oled) — admission decides the stream
[sessions] COM12: consumer translating (suzu/1)
[roster] admission FAILED for 01a0557d-8206-7017-81fb-2dc0ffa1dc32 on COM12 — handshake, ✗ currency
[roster] stream detached — 01a0557d-8206-7017-81fb-2dc0ffa1dc32 on COM12 (admission failed)
[roster] stream detached — 01a0557d-8206-7017-81fb-2dc0ffa1dc32 on COM12 (maintenance:soft)
[maintenance] soft saga owns 01a0557d-8206-7017-81fb-2dc0ffa1dc32 on COM12 — the stream is withdrawn
[sessions] COM12: released — fireflies when idle
[maintenance] 01a0557d-8206-7017-81fb-2dc0ffa1dc32 · step 1/2 — Installing the suzu face (slate) 
[maintenance] 01a0557d-8206-7017-81fb-2dc0ffa1dc32 · step 1/2 — raw REPL confirmed (attempt 1) 
[maintenance] 01a0557d-8206-7017-81fb-2dc0ffa1dc32 · step 1/2 — device files: ['boot.py', 'digits_bebas.bin', 'digits_slate.bin', 'face.mpy', 'firefly_oled_v2.py', 'icons.bin', 'icons.py', 'label.txt', 'main.py', 'profont_10.mpy', 'profont_10.py', 'suzu.json', 'zen-garden.json'] 
[maintenance] 01a0557d-8206-7017-81fb-2dc0ffa1dc32 · step 1/2 — backed up boot.py (473 bytes) 
[maintenance] 01a0557d-8206-7017-81fb-2dc0ffa1dc32 · step 1/2 — backed up digits_bebas.bin (539 bytes) 
[maintenance] 01a0557d-8206-7017-81fb-2dc0ffa1dc32 · step 1/2 — backed up digits_slate.bin (561 bytes) 
[maintenance] 01a0557d-8206-7017-81fb-2dc0ffa1dc32 · step 1/2 — backed up face.mpy (7936 bytes) 
[maintenance] 01a0557d-8206-7017-81fb-2dc0ffa1dc32 · step 1/2 — backed up firefly_oled_v2.py (11504 bytes) 
[maintenance] 01a0557d-8206-7017-81fb-2dc0ffa1dc32 · step 1/2 — backed up icons.bin (24 bytes) 
[maintenance] 01a0557d-8206-7017-81fb-2dc0ffa1dc32 · step 1/2 — backed up icons.py (1501 bytes) 
[maintenance] 01a0557d-8206-7017-81fb-2dc0ffa1dc32 · step 1/2 — backed up label.txt (20 bytes) 
[maintenance] 01a0557d-8206-7017-81fb-2dc0ffa1dc32 · step 1/2 — backed up main.py (197 bytes) 
[maintenance] 01a0557d-8206-7017-81fb-2dc0ffa1dc32 · step 1/2 — backed up profont_10.mpy (3963 bytes) 
[maintenance] 01a0557d-8206-7017-81fb-2dc0ffa1dc32 · step 1/2 — backed up profont_10.py (9362 bytes) 
[maintenance] 01a0557d-8206-7017-81fb-2dc0ffa1dc32 · step 1/2 — backed up suzu.json (191 bytes) 
[maintenance] 01a0557d-8206-7017-81fb-2dc0ffa1dc32 · step 1/2 — backed up zen-garden.json (223 bytes) 
[maintenance] 01a0557d-8206-7017-81fb-2dc0ffa1dc32 · step 1/2 — identity preserved: 01a0557d-8206-7017-81fb-2dc0ffa1dc32 
[maintenance] 01a0557d-8206-7017-81fb-2dc0ffa1dc32 · step 1/2 — pushing 9 files to COM12 ... (faceplate: slate) 
[maintenance] 01a0557d-8206-7017-81fb-2dc0ffa1dc32 · step 1/2 — raw REPL confirmed (attempt 1) 
[maintenance] 01a0557d-8206-7017-81fb-2dc0ffa1dc32 · step 1/2 — OK boot.py (473 bytes verified) 
[maintenance] 01a0557d-8206-7017-81fb-2dc0ffa1dc32 · step 1/2 — raw REPL confirmed (attempt 1) 
[maintenance] 01a0557d-8206-7017-81fb-2dc0ffa1dc32 · step 1/2 — OK firefly_oled_v2.py (11504 bytes verified) 
[maintenance] 01a0557d-8206-7017-81fb-2dc0ffa1dc32 · step 1/2 — raw REPL confirmed (attempt 1) 
[maintenance] 01a0557d-8206-7017-81fb-2dc0ffa1dc32 · step 1/2 — OK icons.py (1501 bytes verified) 
[maintenance] 01a0557d-8206-7017-81fb-2dc0ffa1dc32 · step 1/2 — raw REPL confirmed (attempt 1) 
[maintenance] 01a0557d-8206-7017-81fb-2dc0ffa1dc32 · step 1/2 — OK profont_10.py (9362 bytes verified) 
[maintenance] 01a0557d-8206-7017-81fb-2dc0ffa1dc32 · step 1/2 — raw REPL confirmed (attempt 1) 
[maintenance] 01a0557d-8206-7017-81fb-2dc0ffa1dc32 · step 1/2 — OK suzu.json (234 bytes verified) 
[maintenance] 01a0557d-8206-7017-81fb-2dc0ffa1dc32 · step 1/2 — raw REPL confirmed (attempt 1) 
[maintenance] 01a0557d-8206-7017-81fb-2dc0ffa1dc32 · step 1/2 — OK main.py (197 bytes verified) 
[maintenance] 01a0557d-8206-7017-81fb-2dc0ffa1dc32 · step 1/2 — raw REPL confirmed (attempt 1) 
[maintenance] 01a0557d-8206-7017-81fb-2dc0ffa1dc32 · step 1/2 — OK face.mpy (8000 bytes verified) 
[maintenance] 01a0557d-8206-7017-81fb-2dc0ffa1dc32 · step 1/2 — raw REPL confirmed (attempt 1) 
[maintenance] 01a0557d-8206-7017-81fb-2dc0ffa1dc32 · step 1/2 — OK digits_slate.bin (561 bytes verified) 
[maintenance] 01a0557d-8206-7017-81fb-2dc0ffa1dc32 · step 1/2 — raw REPL confirmed (attempt 1) 
[maintenance] 01a0557d-8206-7017-81fb-2dc0ffa1dc32 · step 1/2 — OK icons.bin (24 bytes verified) 
[maintenance] 01a0557d-8206-7017-81fb-2dc0ffa1dc32 · step 1/2 — rebooted into suzu — run `suzu scan` to verify the handshake 
[maintenance] 01a0557d-8206-7017-81fb-2dc0ffa1dc32 · step 2/2 — Handing to the exam 
[maintenance] COM12: re-identified as esp8266-oled/oled-v2 — respawning
[maintenance] soft saga done for 01a0557d-8206-7017-81fb-2dc0ffa1dc32 — admission decides the stream
[sessions] COM12: consumer translating (suzu/1)
[roster] admission PASSED for 01a0557d-8206-7017-81fb-2dc0ffa1dc32 on COM12 — handshake, currency, ack-law, label-roundtrip, display-truth
[roster] stream attached — 01a0557d-8206-7017-81fb-2dc0ffa1dc32 on COM12
[api] shutdown requested — the resident rests
catalog: 4 class signature(s) from hardware/classes
suzu resident is up — domains: watcher · devices · moments · sensor · roster
[api] the door is open on http://127.0.0.1:7899 — snapshot + stream, one truth
plug a device and watch the house talk. `tell <label>` rings the bell · `status` · `q` quits.
control: `suzu pause` / `suzu resume` stop and restart the stream to devices.
[control] listening on 127.0.0.1:7898 — `suzu pause` / `suzu resume`
[watcher] sensed COM12
[sensor] ground: stone-leaded-sparkle · cpu 62% · gpu 94% · mem 71% · disk 59% · up 215469s
[watcher] identified COM12 → esp8266-oled · esp8266-oled/oled-v2 v1.2.0
[devices] minding COM12 as Some("esp8266-oled") (Some("01a0557d-8206-7017-81fb-2dc0ffa1dc32")) — state Accepted
[moments] splash: discovery 01a0557d-8206-7017-81fb-2dc0ffa1dc32
[roster] held 01a0557d-8206-7017-81fb-2dc0ffa1dc32 on COM12 (esp8266-oled) — admission decides the stream
[sessions] COM12: consumer translating (suzu/1)
[roster] admission FAILED for 01a0557d-8206-7017-81fb-2dc0ffa1dc32 on COM12 — handshake, ✗ currency
[house] COM12: dress slate is stale — updating it (the house keeps its own current)
[roster] stream detached — 01a0557d-8206-7017-81fb-2dc0ffa1dc32 on COM12 (maintenance:soft)
[roster] stream detached — 01a0557d-8206-7017-81fb-2dc0ffa1dc32 on COM12 (admission failed)
[maintenance] soft saga owns 01a0557d-8206-7017-81fb-2dc0ffa1dc32 on COM12 — the stream is withdrawn
[sessions] COM12: released — fireflies when idle
[maintenance] 01a0557d-8206-7017-81fb-2dc0ffa1dc32 · step 1/2 — Installing the suzu face (slate) 
[maintenance] 01a0557d-8206-7017-81fb-2dc0ffa1dc32 · step 1/2 — raw REPL confirmed (attempt 1) 
[maintenance] 01a0557d-8206-7017-81fb-2dc0ffa1dc32 · step 1/2 — device files: ['boot.py', 'digits_bebas.bin', 'digits_slate.bin', 'face.mpy', 'firefly_oled_v2.py', 'icons.bin', 'icons.py', 'label.txt', 'main.py', 'profont_10.mpy', 'profont_10.py', 'suzu.json', 'zen-garden.json'] 
[maintenance] 01a0557d-8206-7017-81fb-2dc0ffa1dc32 · step 1/2 — backed up boot.py (473 bytes) 
[maintenance] 01a0557d-8206-7017-81fb-2dc0ffa1dc32 · step 1/2 — backed up digits_bebas.bin (539 bytes) 
[maintenance] 01a0557d-8206-7017-81fb-2dc0ffa1dc32 · step 1/2 — backed up digits_slate.bin (561 bytes) 
[maintenance] 01a0557d-8206-7017-81fb-2dc0ffa1dc32 · step 1/2 — backed up face.mpy (8000 bytes) 
[maintenance] 01a0557d-8206-7017-81fb-2dc0ffa1dc32 · step 1/2 — backed up firefly_oled_v2.py (11504 bytes) 
[maintenance] 01a0557d-8206-7017-81fb-2dc0ffa1dc32 · step 1/2 — backed up icons.bin (24 bytes) 
[maintenance] 01a0557d-8206-7017-81fb-2dc0ffa1dc32 · step 1/2 — backed up icons.py (1501 bytes) 
[maintenance] 01a0557d-8206-7017-81fb-2dc0ffa1dc32 · step 1/2 — backed up label.txt (20 bytes) 
[maintenance] 01a0557d-8206-7017-81fb-2dc0ffa1dc32 · step 1/2 — backed up main.py (197 bytes) 
[maintenance] 01a0557d-8206-7017-81fb-2dc0ffa1dc32 · step 1/2 — backed up profont_10.mpy (3963 bytes) 
[maintenance] 01a0557d-8206-7017-81fb-2dc0ffa1dc32 · step 1/2 — backed up profont_10.py (9362 bytes) 
[maintenance] 01a0557d-8206-7017-81fb-2dc0ffa1dc32 · step 1/2 — backed up suzu.json (234 bytes) 
[maintenance] 01a0557d-8206-7017-81fb-2dc0ffa1dc32 · step 1/2 — backed up zen-garden.json (223 bytes) 
[maintenance] 01a0557d-8206-7017-81fb-2dc0ffa1dc32 · step 1/2 — identity preserved: 01a0557d-8206-7017-81fb-2dc0ffa1dc32 
[maintenance] 01a0557d-8206-7017-81fb-2dc0ffa1dc32 · step 1/2 — pushing 9 files to COM12 ... (faceplate: slate) 
[maintenance] 01a0557d-8206-7017-81fb-2dc0ffa1dc32 · step 1/2 — raw REPL confirmed (attempt 1) 
[maintenance] 01a0557d-8206-7017-81fb-2dc0ffa1dc32 · step 1/2 — OK boot.py (473 bytes verified) 
[maintenance] 01a0557d-8206-7017-81fb-2dc0ffa1dc32 · step 1/2 — raw REPL confirmed (attempt 1) 
[maintenance] 01a0557d-8206-7017-81fb-2dc0ffa1dc32 · step 1/2 — OK firefly_oled_v2.py (11504 bytes verified) 
[maintenance] 01a0557d-8206-7017-81fb-2dc0ffa1dc32 · step 1/2 — raw REPL confirmed (attempt 1) 
[maintenance] 01a0557d-8206-7017-81fb-2dc0ffa1dc32 · step 1/2 — OK icons.py (1501 bytes verified) 
[maintenance] 01a0557d-8206-7017-81fb-2dc0ffa1dc32 · step 1/2 — raw REPL confirmed (attempt 1) 
[maintenance] 01a0557d-8206-7017-81fb-2dc0ffa1dc32 · step 1/2 — OK profont_10.py (9362 bytes verified) 
[maintenance] 01a0557d-8206-7017-81fb-2dc0ffa1dc32 · step 1/2 — raw REPL confirmed (attempt 1) 
[maintenance] 01a0557d-8206-7017-81fb-2dc0ffa1dc32 · step 1/2 — OK suzu.json (234 bytes verified) 
[maintenance] 01a0557d-8206-7017-81fb-2dc0ffa1dc32 · step 1/2 — raw REPL confirmed (attempt 1) 
[maintenance] 01a0557d-8206-7017-81fb-2dc0ffa1dc32 · step 1/2 — OK main.py (197 bytes verified) 
[maintenance] 01a0557d-8206-7017-81fb-2dc0ffa1dc32 · step 1/2 — raw REPL confirmed (attempt 1) 
[maintenance] 01a0557d-8206-7017-81fb-2dc0ffa1dc32 · step 1/2 — OK face.mpy (8000 bytes verified) 
[maintenance] 01a0557d-8206-7017-81fb-2dc0ffa1dc32 · step 1/2 — raw REPL confirmed (attempt 1) 
[maintenance] 01a0557d-8206-7017-81fb-2dc0ffa1dc32 · step 1/2 — OK digits_slate.bin (561 bytes verified) 
[maintenance] 01a0557d-8206-7017-81fb-2dc0ffa1dc32 · step 1/2 — raw REPL confirmed (attempt 1) 
[maintenance] 01a0557d-8206-7017-81fb-2dc0ffa1dc32 · step 1/2 — OK icons.bin (24 bytes verified) 
[maintenance] 01a0557d-8206-7017-81fb-2dc0ffa1dc32 · step 1/2 — rebooted into suzu — run `suzu scan` to verify the handshake 
[maintenance] 01a0557d-8206-7017-81fb-2dc0ffa1dc32 · step 2/2 — Handing to the exam 
[maintenance] COM12: re-identified as esp8266-oled/oled-v2 — respawning
[maintenance] soft saga done for 01a0557d-8206-7017-81fb-2dc0ffa1dc32 — admission decides the stream
[sessions] COM12: consumer translating (suzu/1)
[roster] admission PASSED for 01a0557d-8206-7017-81fb-2dc0ffa1dc32 on COM12 — handshake, currency, ack-law, label-roundtrip, display-truth
[roster] stream attached — 01a0557d-8206-7017-81fb-2dc0ffa1dc32 on COM12
[watcher] gone COM12
[devices] released COM12 (Some("01a0557d-8206-7017-81fb-2dc0ffa1dc32")) — the roster remembers them
[moments] splash: departure 01a0557d-8206-7017-81fb-2dc0ffa1dc32
[roster] stream detached — 01a0557d-8206-7017-81fb-2dc0ffa1dc32 on COM12 (departed)
[sessions] COM12: write failed twice — disposing
[sessions] COM12: released — fireflies when idle
[watcher] sensed COM14
[watcher] identified COM14 → tdisplay-esp32-ch9102 · firefly/tdisplay v1.0.0
[devices] minding COM14 as Some("tdisplay-esp32-ch9102") (Some("019d8d82-fd23-72a0-b1f5-57ca24156fed")) — state Accepted
[roster] held 019d8d82-fd23-72a0-b1f5-57ca24156fed on COM14 (tdisplay-esp32-ch9102) — admission decides the stream
[moments] splash: discovery 019d8d82-fd23-72a0-b1f5-57ca24156fed
catalog: 4 class signature(s) from hardware/classes
suzu resident is up — domains: watcher · devices · moments · sensor · roster
plug a device and watch the house talk. `tell <label>` rings the bell · `status` · `q` quits.
control: `suzu pause` / `suzu resume` stop and restart the stream to devices.
[api] the door is open on http://127.0.0.1:7899 — snapshot + stream, one truth
[control] listening on 127.0.0.1:7898 — `suzu pause` / `suzu resume`
[watcher] sensed COM14
[sensor] ground: stone-leaded-sparkle · cpu 9% · gpu 1% · mem 46% · disk 59% · up 2300s
[watcher] identified COM14 → tdisplay-esp32-ch9102 · firefly/tdisplay v1.0.0
[devices] minding COM14 as Some("tdisplay-esp32-ch9102") (Some("019d8d82-fd23-72a0-b1f5-57ca24156fed")) — state Accepted
[roster] held 019d8d82-fd23-72a0-b1f5-57ca24156fed on COM14 (tdisplay-esp32-ch9102) — admission decides the stream
[moments] splash: discovery 019d8d82-fd23-72a0-b1f5-57ca24156fed
[roster] stream detached — 019d8d82-fd23-72a0-b1f5-57ca24156fed on COM14 (maintenance:adopt)
[maintenance] adopt saga owns 019d8d82-fd23-72a0-b1f5-57ca24156fed on COM14 — the stream is withdrawn
[maintenance] 019d8d82-fd23-72a0-b1f5-57ca24156fed · step 1/2 — Adopting the T-Display face () 
[maintenance] 019d8d82-fd23-72a0-b1f5-57ca24156fed · step 1/2 — faceplate 'aurora' is not declared — check the manifests under hardware/classes/tdisplay-esp32-ch9102/faceplates/ 
[maintenance] 019d8d82-fd23-72a0-b1f5-57ca24156fed · step 1/2 — Adopting the T-Display face () (failed) ✗ push_tdisplay.py failed: faceplate 'aurora' is not declared — check the manifests under hardware/classes/tdisplay-esp32-ch9102/faceplates/
[maintenance] 019d8d82-fd23-72a0-b1f5-57ca24156fed · step 2/2 — failed ✗ push_tdisplay.py failed: faceplate 'aurora' is not declared — check the manifests under hardware/classes/tdisplay-esp32-ch9102/faceplates/
[maintenance] adopt saga done for 019d8d82-fd23-72a0-b1f5-57ca24156fed — admission decides the stream
[maintenance] COM14: re-identified as firefly/tdisplay — respawning
[api] shutdown requested — the resident rests
catalog: 4 class signature(s) from hardware/classes
suzu resident is up — domains: watcher · devices · moments · sensor · roster
plug a device and watch the house talk. `tell <label>` rings the bell · `status` · `q` quits.
[api] the door is open on http://127.0.0.1:7899 — snapshot + stream, one truth
control: `suzu pause` / `suzu resume` stop and restart the stream to devices.
[control] listening on 127.0.0.1:7898 — `suzu pause` / `suzu resume`
[watcher] sensed COM14
[sensor] ground: stone-leaded-sparkle · cpu 6% · gpu 1% · mem 45% · disk 59% · up 2451s
[watcher] identified COM14 → tdisplay-esp32-ch9102 · firefly/tdisplay v1.0.0
[devices] minding COM14 as Some("tdisplay-esp32-ch9102") (Some("019d8d82-fd23-72a0-b1f5-57ca24156fed")) — state Accepted
[moments] splash: discovery 019d8d82-fd23-72a0-b1f5-57ca24156fed
[roster] held 019d8d82-fd23-72a0-b1f5-57ca24156fed on COM14 (tdisplay-esp32-ch9102) — admission decides the stream
[api] shutdown requested — the resident rests
catalog: 4 class signature(s) from hardware/classes
suzu resident is up — domains: watcher · devices · moments · sensor · roster
plug a device and watch the house talk. `tell <label>` rings the bell · `status` · `q` quits.
control: `suzu pause` / `suzu resume` stop and restart the stream to devices.
[api] the door is open on http://127.0.0.1:7899 — snapshot + stream, one truth
[control] listening on 127.0.0.1:7898 — `suzu pause` / `suzu resume`
[watcher] sensed COM14
[sensor] ground: stone-leaded-sparkle · cpu 12% · gpu 1% · mem 46% · disk 59% · up 2618s
[watcher] identified COM14 → tdisplay-esp32-ch9102 · firefly/tdisplay v1.0.0
[devices] minding COM14 as Some("tdisplay-esp32-ch9102") (Some("019d8d82-fd23-72a0-b1f5-57ca24156fed")) — state Accepted
[moments] splash: discovery 019d8d82-fd23-72a0-b1f5-57ca24156fed
[roster] held 019d8d82-fd23-72a0-b1f5-57ca24156fed on COM14 (tdisplay-esp32-ch9102) — admission decides the stream
[roster] stream detached — 019d8d82-fd23-72a0-b1f5-57ca24156fed on COM14 (maintenance:adopt)
[maintenance] adopt saga owns 019d8d82-fd23-72a0-b1f5-57ca24156fed on COM14 — the stream is withdrawn
[maintenance] 019d8d82-fd23-72a0-b1f5-57ca24156fed · step 1/2 — Adopting the T-Display face (aurora) 
[maintenance] 019d8d82-fd23-72a0-b1f5-57ca24156fed · step 1/2 — raw REPL confirmed (attempt 1) 
[maintenance] 019d8d82-fd23-72a0-b1f5-57ca24156fed · step 1/2 — device files: ['boot.py', 'diorama.py', 'main.py', 'zen-garden.json'] 
[maintenance] 019d8d82-fd23-72a0-b1f5-57ca24156fed · step 1/2 — backed up boot.py (631 bytes) 
[maintenance] 019d8d82-fd23-72a0-b1f5-57ca24156fed · step 1/2 — backed up diorama.py (29725 bytes) 
[maintenance] 019d8d82-fd23-72a0-b1f5-57ca24156fed · step 1/2 — backed up main.py (10332 bytes) 
[maintenance] 019d8d82-fd23-72a0-b1f5-57ca24156fed · step 1/2 — Traceback (most recent call last): 
[maintenance] 019d8d82-fd23-72a0-b1f5-57ca24156fed · step 1/2 — FileNotFoundError: [Errno 2] No such file or directory: 'hardware\\classes\\tdisplay-esp32-ch9102\\faceplates\\aurora\\main.py' 
[maintenance] 019d8d82-fd23-72a0-b1f5-57ca24156fed · step 1/2 — Adopting the T-Display face (aurora) (failed) ✗ push_tdisplay.py failed: FileNotFoundError: [Errno 2] No such file or directory: 'hardware\\classes\\tdisplay-esp32-ch9102\\faceplates\\aurora\\main.py'
[maintenance] 019d8d82-fd23-72a0-b1f5-57ca24156fed · step 2/2 — failed ✗ push_tdisplay.py failed: FileNotFoundError: [Errno 2] No such file or directory: 'hardware\\classes\\tdisplay-esp32-ch9102\\faceplates\\aurora\\main.py'
[maintenance] adopt saga done for 019d8d82-fd23-72a0-b1f5-57ca24156fed — admission decides the stream
[maintenance] COM14: re-identified as firefly/tdisplay — respawning
[sensor] ground: stone-leaded-sparkle · cpu 9% · gpu 1% · mem 46% · disk 59% · up 2782s
[sensor] ground: stone-leaded-sparkle · cpu 9% · gpu 1% · mem 45% · disk 59% · up 2827s
[sensor] ground: stone-leaded-sparkle · cpu 7% · gpu 1% · mem 46% · disk 59% · up 2862s
[roster] stream detached — 019d8d82-fd23-72a0-b1f5-57ca24156fed on COM14 (maintenance:adopt)
[maintenance] adopt saga owns 019d8d82-fd23-72a0-b1f5-57ca24156fed on COM14 — the stream is withdrawn
[maintenance] 019d8d82-fd23-72a0-b1f5-57ca24156fed · step 1/2 — Adopting the T-Display face (aurora) 
[maintenance] 019d8d82-fd23-72a0-b1f5-57ca24156fed · step 1/2 — raw REPL confirmed (attempt 1) 
[maintenance] 019d8d82-fd23-72a0-b1f5-57ca24156fed · step 1/2 — device files: ['boot.py', 'diorama.py', 'main.py', 'zen-garden.json'] 
[maintenance] 019d8d82-fd23-72a0-b1f5-57ca24156fed · step 1/2 — backed up boot.py (631 bytes) 
[maintenance] 019d8d82-fd23-72a0-b1f5-57ca24156fed · step 1/2 — backed up diorama.py (29725 bytes) 
[maintenance] 019d8d82-fd23-72a0-b1f5-57ca24156fed · step 1/2 — backed up main.py (10332 bytes) 
[maintenance] 019d8d82-fd23-72a0-b1f5-57ca24156fed · step 1/2 — backed up zen-garden.json (230 bytes) 
[maintenance] 019d8d82-fd23-72a0-b1f5-57ca24156fed · step 1/2 — identity preserved: 019d8d82-fd23-72a0-b1f5-57ca24156fed 
[sensor] ground: stone-leaded-sparkle · cpu 4% · gpu 0% · mem 46% · disk 59% · up 3030s
[maintenance] 019d8d82-fd23-72a0-b1f5-57ca24156fed · step 1/2 — raw REPL confirmed (attempt 1) 
[maintenance] 019d8d82-fd23-72a0-b1f5-57ca24156fed · step 1/2 — OK suzu.json (236 bytes verified) 
[maintenance] 019d8d82-fd23-72a0-b1f5-57ca24156fed · step 1/2 — raw REPL confirmed (attempt 1) 
[maintenance] 019d8d82-fd23-72a0-b1f5-57ca24156fed · step 1/2 — OK main.py (12 bytes verified) 
[maintenance] 019d8d82-fd23-72a0-b1f5-57ca24156fed · step 1/2 — raw REPL confirmed (attempt 1) 
[sensor] ground: stone-leaded-sparkle · cpu 4% · gpu 0% · mem 45% · disk 59% · up 3075s
[maintenance] 019d8d82-fd23-72a0-b1f5-57ca24156fed · step 1/2 — Traceback (most recent call last): 
[maintenance] 019d8d82-fd23-72a0-b1f5-57ca24156fed · step 1/2 — serial.serialutil.SerialException: ClearCommError failed (OSError(9, 'The handle is invalid.', None, 6)) 
[maintenance] 019d8d82-fd23-72a0-b1f5-57ca24156fed · step 1/2 — Adopting the T-Display face (aurora) (failed) ✗ push_tdisplay.py failed: serial.serialutil.SerialException: ClearCommError failed (OSError(9, 'The handle is invalid.', None, 6))
[maintenance] 019d8d82-fd23-72a0-b1f5-57ca24156fed · step 2/2 — failed ✗ push_tdisplay.py failed: serial.serialutil.SerialException: ClearCommError failed (OSError(9, 'The handle is invalid.', None, 6))
[maintenance] COM14: re-identified as ?/? — respawning
[maintenance] adopt saga done for 019d8d82-fd23-72a0-b1f5-57ca24156fed — admission decides the stream
[sensor] ground: stone-leaded-sparkle · cpu 4% · gpu 0% · mem 46% · disk 59% · up 3180s
[sensor] ground: stone-leaded-sparkle · cpu 8% · gpu 0% · mem 46% · disk 59% · up 3287s
[api] shutdown requested — the resident rests
catalog: 4 class signature(s) from hardware/classes
suzu resident is up — domains: watcher · devices · moments · sensor · roster
plug a device and watch the house talk. `tell <label>` rings the bell · `status` · `q` quits.
control: `suzu pause` / `suzu resume` stop and restart the stream to devices.
[api] the door is open on http://127.0.0.1:7899 — snapshot + stream, one truth
[control] listening on 127.0.0.1:7898 — `suzu pause` / `suzu resume`
[watcher] sensed COM14
[sensor] ground: stone-leaded-sparkle · cpu 8% · gpu 2% · mem 47% · disk 59% · up 3594s
[watcher] identified COM14 → tdisplay-esp32-ch9102 · ?/?
[devices] COM14 minted identity 01a0598c-bf77-786f-854c-13ee154faa09
[devices] minding COM14 as Some("tdisplay-esp32-ch9102") (Some("01a0598c-bf77-786f-854c-13ee154faa09")) — state Accepted
[moments] splash: discovery 01a0598c-bf77-786f-854c-13ee154faa09
[roster] held 01a0598c-bf77-786f-854c-13ee154faa09 on COM14 (tdisplay-esp32-ch9102) — admission decides the stream
[roster] stream detached — 01a0598c-bf77-786f-854c-13ee154faa09 on COM14 (maintenance:adopt)
[maintenance] adopt saga owns 01a0598c-bf77-786f-854c-13ee154faa09 on COM14 — the stream is withdrawn
[maintenance] 01a0598c-bf77-786f-854c-13ee154faa09 · step 1/2 — Adopting the T-Display face (aurora) 
[maintenance] 01a0598c-bf77-786f-854c-13ee154faa09 · step 1/2 — raw REPL confirmed (attempt 1) 
[maintenance] 01a0598c-bf77-786f-854c-13ee154faa09 · step 1/2 — device files: ['boot.py', 'diorama.py', 'face.py', 'main.py', 'suzu.json', 'zen-garden.json'] 
[maintenance] 01a0598c-bf77-786f-854c-13ee154faa09 · step 1/2 — backed up boot.py (631 bytes) 
[maintenance] 01a0598c-bf77-786f-854c-13ee154faa09 · step 1/2 — backed up diorama.py (29725 bytes) 
[maintenance] 01a0598c-bf77-786f-854c-13ee154faa09 · step 1/2 — backed up face.py (22662 bytes) 
[maintenance] 01a0598c-bf77-786f-854c-13ee154faa09 · step 1/2 — backed up main.py (12 bytes) 
[maintenance] 01a0598c-bf77-786f-854c-13ee154faa09 · step 1/2 — backed up suzu.json (236 bytes) 
[maintenance] 01a0598c-bf77-786f-854c-13ee154faa09 · step 1/2 — backed up zen-garden.json (230 bytes) 
[maintenance] 01a0598c-bf77-786f-854c-13ee154faa09 · step 1/2 — identity preserved: 01a0598c-bf77-786f-854c-13ee154faa09 
[maintenance] 01a0598c-bf77-786f-854c-13ee154faa09 · step 1/2 — raw REPL confirmed (attempt 1) 
[maintenance] 01a0598c-bf77-786f-854c-13ee154faa09 · step 1/2 — OK suzu.json (236 bytes verified) 
[maintenance] 01a0598c-bf77-786f-854c-13ee154faa09 · step 1/2 — raw REPL confirmed (attempt 1) 
[maintenance] 01a0598c-bf77-786f-854c-13ee154faa09 · step 1/2 — OK main.py (12 bytes verified) 
[maintenance] 01a0598c-bf77-786f-854c-13ee154faa09 · step 1/2 — raw REPL confirmed (attempt 1) 
[maintenance] 01a0598c-bf77-786f-854c-13ee154faa09 · step 1/2 — OK face.py (22662 bytes verified) 
[maintenance] 01a0598c-bf77-786f-854c-13ee154faa09 · step 1/2 — serial.serialutil.SerialException: ClearCommError failed (OSError(9, 'The handle is invalid.', None, 6)) 
[maintenance] 01a0598c-bf77-786f-854c-13ee154faa09 · step 1/2 — Adopting the T-Display face (aurora) (failed) ✗ push_tdisplay.py failed: serial.serialutil.SerialException: ClearCommError failed (OSError(9, 'The handle is invalid.', None, 6))
[maintenance] 01a0598c-bf77-786f-854c-13ee154faa09 · step 2/2 — failed ✗ push_tdisplay.py failed: serial.serialutil.SerialException: ClearCommError failed (OSError(9, 'The handle is invalid.', None, 6))
[maintenance] adopt saga done for 01a0598c-bf77-786f-854c-13ee154faa09 — admission decides the stream
[maintenance] COM14: re-identified as ?/? — respawning
[api] shutdown requested — the resident rests
catalog: 4 class signature(s) from hardware/classes
suzu resident is up — domains: watcher · devices · moments · sensor · roster
plug a device and watch the house talk. `tell <label>` rings the bell · `status` · `q` quits.
control: `suzu pause` / `suzu resume` stop and restart the stream to devices.
[api] the door is open on http://127.0.0.1:7899 — snapshot + stream, one truth
[control] listening on 127.0.0.1:7898 — `suzu pause` / `suzu resume`
[watcher] sensed COM14
[sensor] ground: stone-leaded-sparkle · cpu 7% · gpu 2% · mem 46% · disk 59% · up 3785s
[watcher] identified COM14 → tdisplay-esp32-ch9102 · ?/?
[devices] COM14 minted identity 01a0598f-ace8-70b0-87c5-b912e360729d
[devices] minding COM14 as Some("tdisplay-esp32-ch9102") (Some("01a0598f-ace8-70b0-87c5-b912e360729d")) — state Accepted
[roster] held 01a0598f-ace8-70b0-87c5-b912e360729d on COM14 (tdisplay-esp32-ch9102) — admission decides the stream
[moments] splash: discovery 01a0598f-ace8-70b0-87c5-b912e360729d
[roster] stream detached — 01a0598f-ace8-70b0-87c5-b912e360729d on COM14 (maintenance:adopt)
[maintenance] adopt saga owns 01a0598f-ace8-70b0-87c5-b912e360729d on COM14 — the stream is withdrawn
[maintenance] 01a0598f-ace8-70b0-87c5-b912e360729d · step 1/2 — Adopting the T-Display face (aurora) 
[maintenance] 01a0598f-ace8-70b0-87c5-b912e360729d · step 1/2 — raw REPL confirmed (attempt 1) 
[maintenance] 01a0598f-ace8-70b0-87c5-b912e360729d · step 1/2 — device files: ['boot.py', 'diorama.py', 'face.py', 'main.py', 'suzu.json', 'zen-garden.json'] 
[maintenance] 01a0598f-ace8-70b0-87c5-b912e360729d · step 1/2 — backed up boot.py (631 bytes) 
[maintenance] 01a0598f-ace8-70b0-87c5-b912e360729d · step 1/2 — backed up diorama.py (29725 bytes) 
[maintenance] 01a0598f-ace8-70b0-87c5-b912e360729d · step 1/2 — backed up face.py (22662 bytes) 
[maintenance] 01a0598f-ace8-70b0-87c5-b912e360729d · step 1/2 — backed up main.py (12 bytes) 
[maintenance] 01a0598f-ace8-70b0-87c5-b912e360729d · step 1/2 — backed up suzu.json (236 bytes) 
[maintenance] 01a0598f-ace8-70b0-87c5-b912e360729d · step 1/2 — backed up zen-garden.json (230 bytes) 
[maintenance] 01a0598f-ace8-70b0-87c5-b912e360729d · step 1/2 — identity preserved: 01a0598f-ace8-70b0-87c5-b912e360729d 
[maintenance] 01a0598f-ace8-70b0-87c5-b912e360729d · step 1/2 — raw REPL confirmed (attempt 1) 
[maintenance] 01a0598f-ace8-70b0-87c5-b912e360729d · step 1/2 — OK suzu.json (236 bytes verified) 
[maintenance] 01a0598f-ace8-70b0-87c5-b912e360729d · step 1/2 — raw REPL confirmed (attempt 1) 
[maintenance] 01a0598f-ace8-70b0-87c5-b912e360729d · step 1/2 — OK main.py (12 bytes verified) 
[maintenance] 01a0598f-ace8-70b0-87c5-b912e360729d · step 1/2 — raw REPL confirmed (attempt 1) 
[maintenance] 01a0598f-ace8-70b0-87c5-b912e360729d · step 1/2 — OK face.py (22662 bytes verified) 
[maintenance] 01a0598f-ace8-70b0-87c5-b912e360729d · step 1/2 — serial.serialutil.SerialException: ClearCommError failed (OSError(9, 'The handle is invalid.', None, 6)) 
[maintenance] 01a0598f-ace8-70b0-87c5-b912e360729d · step 1/2 — Adopting the T-Display face (aurora) (failed) ✗ push_tdisplay.py failed: serial.serialutil.SerialException: ClearCommError failed (OSError(9, 'The handle is invalid.', None, 6))
[maintenance] 01a0598f-ace8-70b0-87c5-b912e360729d · step 2/2 — failed ✗ push_tdisplay.py failed: serial.serialutil.SerialException: ClearCommError failed (OSError(9, 'The handle is invalid.', None, 6))
[maintenance] adopt saga done for 01a0598f-ace8-70b0-87c5-b912e360729d — admission decides the stream
[maintenance] COM14: re-identified as ?/? — respawning
[api] shutdown requested — the resident rests
catalog: 4 class signature(s) from hardware/classes
[api] the door is open on http://127.0.0.1:7899 — snapshot + stream, one truth
suzu resident is up — domains: watcher · devices · moments · sensor · roster
plug a device and watch the house talk. `tell <label>` rings the bell · `status` · `q` quits.
control: `suzu pause` / `suzu resume` stop and restart the stream to devices.
[control] listening on 127.0.0.1:7898 — `suzu pause` / `suzu resume`
[watcher] sensed COM14
[sensor] ground: stone-leaded-sparkle · cpu 70% · gpu 88% · mem 58% · disk 59% · up 4185s
[watcher] identified COM14 → tdisplay-esp32-ch9102 · ?/?
[devices] COM14 minted identity 01a05995-c4e5-78ae-bc63-69242c354891
[devices] minding COM14 as Some("tdisplay-esp32-ch9102") (Some("01a05995-c4e5-78ae-bc63-69242c354891")) — state Accepted
[moments] splash: discovery 01a05995-c4e5-78ae-bc63-69242c354891
[roster] held 01a05995-c4e5-78ae-bc63-69242c354891 on COM14 (tdisplay-esp32-ch9102) — admission decides the stream
[api] shutdown requested — the resident rests
catalog: 4 class signature(s) from hardware/classes
suzu resident is up — domains: watcher · devices · moments · sensor · roster
plug a device and watch the house talk. `tell <label>` rings the bell · `status` · `q` quits.
control: `suzu pause` / `suzu resume` stop and restart the stream to devices.
[api] the door is open on http://127.0.0.1:7899 — snapshot + stream, one truth
[control] listening on 127.0.0.1:7898 — `suzu pause` / `suzu resume`
[watcher] sensed COM14
[sensor] ground: stone-leaded-sparkle · cpu 67% · gpu 89% · mem 59% · disk 59% · up 4432s
[watcher] identified COM14 → tdisplay-esp32-ch9102 · ?/?
[devices] COM14 minted identity 01a05999-8b00-74df-aa06-426af5697a32
[devices] minding COM14 as Some("tdisplay-esp32-ch9102") (Some("01a05999-8b00-74df-aa06-426af5697a32")) — state Accepted
[roster] held 01a05999-8b00-74df-aa06-426af5697a32 on COM14 (tdisplay-esp32-ch9102) — admission decides the stream
[moments] splash: discovery 01a05999-8b00-74df-aa06-426af5697a32
[api] shutdown requested — the resident rests
catalog: 4 class signature(s) from hardware/classes
suzu resident is up — domains: watcher · devices · moments · sensor · roster
plug a device and watch the house talk. `tell <label>` rings the bell · `status` · `q` quits.
control: `suzu pause` / `suzu resume` stop and restart the stream to devices.
[api] the door is open on http://127.0.0.1:7899 — snapshot + stream, one truth
[control] listening on 127.0.0.1:7898 — `suzu pause` / `suzu resume`
[watcher] sensed COM14
[sensor] ground: stone-leaded-sparkle · cpu 66% · gpu 90% · mem 58% · disk 59% · up 4738s
[watcher] identified COM14 → tdisplay-esp32-ch9102 · ?/?
[devices] COM14 minted identity 01a0599e-3389-7cc3-9b2f-1596231549a1
[devices] minding COM14 as Some("tdisplay-esp32-ch9102") (Some("01a0599e-3389-7cc3-9b2f-1596231549a1")) — state Accepted
[moments] splash: discovery 01a0599e-3389-7cc3-9b2f-1596231549a1
[roster] held 01a0599e-3389-7cc3-9b2f-1596231549a1 on COM14 (tdisplay-esp32-ch9102) — admission decides the stream
[api] shutdown requested — the resident rests
catalog: 4 class signature(s) from hardware/classes
suzu resident is up — domains: watcher · devices · moments · sensor · roster
plug a device and watch the house talk. `tell <label>` rings the bell · `status` · `q` quits.
control: `suzu pause` / `suzu resume` stop and restart the stream to devices.
[api] the door is open on http://127.0.0.1:7899 — snapshot + stream, one truth
[control] listening on 127.0.0.1:7898 — `suzu pause` / `suzu resume`
[watcher] sensed COM14
[sensor] ground: stone-leaded-sparkle · cpu 62% · gpu 100% · mem 60% · disk 59% · up 5202s
[watcher] identified COM14 → tdisplay-esp32-ch9102 · ?/?
[devices] COM14 minted identity 01a059a5-488b-7044-943d-352af39d2ab3
[devices] minding COM14 as Some("tdisplay-esp32-ch9102") (Some("01a059a5-488b-7044-943d-352af39d2ab3")) — state Accepted
[moments] splash: discovery 01a059a5-488b-7044-943d-352af39d2ab3
[roster] held 01a059a5-488b-7044-943d-352af39d2ab3 on COM14 (tdisplay-esp32-ch9102) — admission decides the stream
[api] shutdown requested — the resident rests
catalog: 4 class signature(s) from hardware/classes
suzu resident is up — domains: watcher · devices · moments · sensor · roster
plug a device and watch the house talk. `tell <label>` rings the bell · `status` · `q` quits.
control: `suzu pause` / `suzu resume` stop and restart the stream to devices.
[api] the door is open on http://127.0.0.1:7899 — snapshot + stream, one truth
[control] listening on 127.0.0.1:7898 — `suzu pause` / `suzu resume`
[watcher] sensed COM14
[sensor] ground: stone-leaded-sparkle · cpu 58% · gpu 93% · mem 60% · disk 59% · up 5934s
[watcher] identified COM14 → tdisplay-esp32-ch9102 · ?/?
[devices] COM14 minted identity 01a059b0-76cb-7090-9e76-66e38bbc7821
[devices] minding COM14 as Some("tdisplay-esp32-ch9102") (Some("01a059b0-76cb-7090-9e76-66e38bbc7821")) — state Accepted
[moments] splash: discovery 01a059b0-76cb-7090-9e76-66e38bbc7821
[roster] held 01a059b0-76cb-7090-9e76-66e38bbc7821 on COM14 (tdisplay-esp32-ch9102) — admission decides the stream
[roster] stream detached — 01a059b0-76cb-7090-9e76-66e38bbc7821 on COM14 (maintenance:adopt)
[maintenance] adopt saga owns 01a059b0-76cb-7090-9e76-66e38bbc7821 on COM14 — the stream is withdrawn
[maintenance] 01a059b0-76cb-7090-9e76-66e38bbc7821 · step 1/2 — Adopting the T-Display face (aurora) 
[maintenance] 01a059b0-76cb-7090-9e76-66e38bbc7821 · step 1/2 — raw REPL confirmed (attempt 1) 
[maintenance] 01a059b0-76cb-7090-9e76-66e38bbc7821 · step 1/2 — device files: ['boot.py', 'diorama.py', 'face.py', 'main.py', 'suzu.json', 'zen-garden.json'] 
[maintenance] 01a059b0-76cb-7090-9e76-66e38bbc7821 · step 1/2 — backed up boot.py (631 bytes) 
[maintenance] 01a059b0-76cb-7090-9e76-66e38bbc7821 · step 1/2 — backed up diorama.py (29725 bytes) 
[maintenance] 01a059b0-76cb-7090-9e76-66e38bbc7821 · step 1/2 — backed up face.py (22751 bytes) 
[maintenance] 01a059b0-76cb-7090-9e76-66e38bbc7821 · step 1/2 — backed up main.py (12 bytes) 
[maintenance] 01a059b0-76cb-7090-9e76-66e38bbc7821 · step 1/2 — backed up suzu.json (236 bytes) 
[maintenance] 01a059b0-76cb-7090-9e76-66e38bbc7821 · step 1/2 — backed up zen-garden.json (230 bytes) 
[maintenance] 01a059b0-76cb-7090-9e76-66e38bbc7821 · step 1/2 — identity preserved: 01a059b0-76cb-7090-9e76-66e38bbc7821 
[maintenance] 01a059b0-76cb-7090-9e76-66e38bbc7821 · step 1/2 — raw REPL confirmed (attempt 1) 
[maintenance] 01a059b0-76cb-7090-9e76-66e38bbc7821 · step 1/2 — OK suzu.json (236 bytes verified) 
[maintenance] 01a059b0-76cb-7090-9e76-66e38bbc7821 · step 1/2 — raw REPL confirmed (attempt 1) 
[maintenance] 01a059b0-76cb-7090-9e76-66e38bbc7821 · step 1/2 — OK main.py (12 bytes verified) 
[maintenance] 01a059b0-76cb-7090-9e76-66e38bbc7821 · step 1/2 — raw REPL confirmed (attempt 1) 
[maintenance] 01a059b0-76cb-7090-9e76-66e38bbc7821 · step 1/2 — OK face.py (22751 bytes verified) 
[maintenance] 01a059b0-76cb-7090-9e76-66e38bbc7821 · step 1/2 — rebooted — the face should answer its HELLO on the bus 
[maintenance] 01a059b0-76cb-7090-9e76-66e38bbc7821 · step 2/2 — Handing to the exam 
[maintenance] adopt saga done for 01a059b0-76cb-7090-9e76-66e38bbc7821 — admission decides the stream
[maintenance] COM14: re-identified as ?/? — respawning
[api] shutdown requested — the resident rests
catalog: 4 class signature(s) from hardware/classes
suzu resident is up — domains: watcher · devices · moments · sensor · roster
plug a device and watch the house talk. `tell <label>` rings the bell · `status` · `q` quits.
control: `suzu pause` / `suzu resume` stop and restart the stream to devices.
[api] the door is open on http://127.0.0.1:7899 — snapshot + stream, one truth
[control] listening on 127.0.0.1:7898 — `suzu pause` / `suzu resume`
[watcher] sensed COM14
[sensor] ground: stone-leaded-sparkle · cpu 46% · gpu 93% · mem 60% · disk 59% · up 6355s
[watcher] identified COM14 → tdisplay-esp32-ch9102 · ?/?
[devices] COM14 minted identity 01a059b6-e1fe-70d1-8d85-06f1537b9b83
[devices] minding COM14 as Some("tdisplay-esp32-ch9102") (Some("01a059b6-e1fe-70d1-8d85-06f1537b9b83")) — state Accepted
[roster] held 01a059b6-e1fe-70d1-8d85-06f1537b9b83 on COM14 (tdisplay-esp32-ch9102) — admission decides the stream
[moments] splash: discovery 01a059b6-e1fe-70d1-8d85-06f1537b9b83
[roster] stream detached — 01a059b6-e1fe-70d1-8d85-06f1537b9b83 on COM14 (maintenance:adopt)
[maintenance] adopt saga owns 01a059b6-e1fe-70d1-8d85-06f1537b9b83 on COM14 — the stream is withdrawn
[maintenance] 01a059b6-e1fe-70d1-8d85-06f1537b9b83 · step 1/2 — Adopting the T-Display face (aurora) 
[maintenance] 01a059b6-e1fe-70d1-8d85-06f1537b9b83 · step 1/2 — raw REPL confirmed (attempt 1) 
[maintenance] 01a059b6-e1fe-70d1-8d85-06f1537b9b83 · step 1/2 — device files: ['boot.py', 'diorama.py', 'face.py', 'main.py', 'suzu.json', 'zen-garden.json'] 
[maintenance] 01a059b6-e1fe-70d1-8d85-06f1537b9b83 · step 1/2 — backed up boot.py (631 bytes) 
[maintenance] 01a059b6-e1fe-70d1-8d85-06f1537b9b83 · step 1/2 — backed up diorama.py (29725 bytes) 
[maintenance] 01a059b6-e1fe-70d1-8d85-06f1537b9b83 · step 1/2 — backed up face.py (22751 bytes) 
[maintenance] 01a059b6-e1fe-70d1-8d85-06f1537b9b83 · step 1/2 — backed up main.py (12 bytes) 
[maintenance] 01a059b6-e1fe-70d1-8d85-06f1537b9b83 · step 1/2 — backed up suzu.json (236 bytes) 
[maintenance] 01a059b6-e1fe-70d1-8d85-06f1537b9b83 · step 1/2 — backed up zen-garden.json (230 bytes) 
[maintenance] 01a059b6-e1fe-70d1-8d85-06f1537b9b83 · step 1/2 — identity preserved: 01a059b6-e1fe-70d1-8d85-06f1537b9b83 
[maintenance] 01a059b6-e1fe-70d1-8d85-06f1537b9b83 · step 1/2 — raw REPL confirmed (attempt 1) 
[maintenance] 01a059b6-e1fe-70d1-8d85-06f1537b9b83 · step 1/2 — OK suzu.json (236 bytes verified) 
[maintenance] 01a059b6-e1fe-70d1-8d85-06f1537b9b83 · step 1/2 — raw REPL confirmed (attempt 1) 
[maintenance] 01a059b6-e1fe-70d1-8d85-06f1537b9b83 · step 1/2 — OK main.py (12 bytes verified) 
[maintenance] 01a059b6-e1fe-70d1-8d85-06f1537b9b83 · step 1/2 — raw REPL confirmed (attempt 1) 
[maintenance] 01a059b6-e1fe-70d1-8d85-06f1537b9b83 · step 1/2 — OK face.py (22751 bytes verified) 
[maintenance] 01a059b6-e1fe-70d1-8d85-06f1537b9b83 · step 1/2 — rebooted — the face should answer its HELLO on the bus 
[maintenance] 01a059b6-e1fe-70d1-8d85-06f1537b9b83 · step 2/2 — Handing to the exam 
[maintenance] adopt saga done for 01a059b6-e1fe-70d1-8d85-06f1537b9b83 — admission decides the stream
[maintenance] COM14: re-identified as ?/? — respawning
[api] shutdown requested — the resident rests
catalog: 4 class signature(s) from hardware/classes
[api] the door is open on http://127.0.0.1:7899 — snapshot + stream, one truth
suzu resident is up — domains: watcher · devices · moments · sensor · roster
plug a device and watch the house talk. `tell <label>` rings the bell · `status` · `q` quits.
control: `suzu pause` / `suzu resume` stop and restart the stream to devices.
[control] listening on 127.0.0.1:7898 — `suzu pause` / `suzu resume`
[watcher] sensed COM14
[sensor] ground: stone-leaded-sparkle · cpu 58% · gpu 92% · mem 59% · disk 59% · up 6772s
[watcher] identified COM14 → tdisplay-esp32-ch9102 · ?/?
[devices] COM14 minted identity 01a059bd-3c2f-7cce-8412-6060555089e7
[devices] minding COM14 as Some("tdisplay-esp32-ch9102") (Some("01a059bd-3c2f-7cce-8412-6060555089e7")) — state Accepted
[roster] held 01a059bd-3c2f-7cce-8412-6060555089e7 on COM14 (tdisplay-esp32-ch9102) — admission decides the stream
[moments] splash: discovery 01a059bd-3c2f-7cce-8412-6060555089e7
[roster] stream detached — 01a059bd-3c2f-7cce-8412-6060555089e7 on COM14 (maintenance:adopt)
[maintenance] adopt saga owns 01a059bd-3c2f-7cce-8412-6060555089e7 on COM14 — the stream is withdrawn
[maintenance] 01a059bd-3c2f-7cce-8412-6060555089e7 · step 1/2 — Adopting the T-Display face (aurora) 
[maintenance] 01a059bd-3c2f-7cce-8412-6060555089e7 · step 1/2 — raw REPL confirmed (attempt 1) 
[maintenance] 01a059bd-3c2f-7cce-8412-6060555089e7 · step 1/2 — device files: ['boot.py', 'diorama.py', 'face.py', 'main.py', 'suzu.json', 'zen-garden.json'] 
[maintenance] 01a059bd-3c2f-7cce-8412-6060555089e7 · step 1/2 — backed up boot.py (631 bytes) 
[maintenance] 01a059bd-3c2f-7cce-8412-6060555089e7 · step 1/2 — backed up diorama.py (29725 bytes) 
[maintenance] 01a059bd-3c2f-7cce-8412-6060555089e7 · step 1/2 — backed up face.py (22751 bytes) 
[maintenance] 01a059bd-3c2f-7cce-8412-6060555089e7 · step 1/2 — backed up main.py (12 bytes) 
[maintenance] 01a059bd-3c2f-7cce-8412-6060555089e7 · step 1/2 — backed up suzu.json (236 bytes) 
[maintenance] 01a059bd-3c2f-7cce-8412-6060555089e7 · step 1/2 — backed up zen-garden.json (230 bytes) 
[maintenance] 01a059bd-3c2f-7cce-8412-6060555089e7 · step 1/2 — identity preserved: 01a059bd-3c2f-7cce-8412-6060555089e7 
[maintenance] 01a059bd-3c2f-7cce-8412-6060555089e7 · step 1/2 — raw REPL confirmed (attempt 1) 
[maintenance] 01a059bd-3c2f-7cce-8412-6060555089e7 · step 1/2 — OK suzu.json (236 bytes verified) 
[maintenance] 01a059bd-3c2f-7cce-8412-6060555089e7 · step 1/2 — raw REPL confirmed (attempt 1) 
[maintenance] 01a059bd-3c2f-7cce-8412-6060555089e7 · step 1/2 — OK main.py (12 bytes verified) 
[maintenance] 01a059bd-3c2f-7cce-8412-6060555089e7 · step 1/2 — raw REPL confirmed (attempt 1) 
[maintenance] 01a059bd-3c2f-7cce-8412-6060555089e7 · step 1/2 — OK face.py (22751 bytes verified) 
[maintenance] 01a059bd-3c2f-7cce-8412-6060555089e7 · step 1/2 — rebooted — the face should answer its HELLO on the bus 
[maintenance] 01a059bd-3c2f-7cce-8412-6060555089e7 · step 2/2 — Handing to the exam 
[maintenance] COM14: re-identified as ?/? — respawning
[maintenance] adopt saga done for 01a059bd-3c2f-7cce-8412-6060555089e7 — admission decides the stream
[api] shutdown requested — the resident rests
catalog: 4 class signature(s) from hardware/classes
suzu resident is up — domains: watcher · devices · moments · sensor · roster
plug a device and watch the house talk. `tell <label>` rings the bell · `status` · `q` quits.
control: `suzu pause` / `suzu resume` stop and restart the stream to devices.
[api] the door is open on http://127.0.0.1:7899 — snapshot + stream, one truth
[control] listening on 127.0.0.1:7898 — `suzu pause` / `suzu resume`
[watcher] sensed COM14
[sensor] ground: stone-leaded-sparkle · cpu 62% · gpu 87% · mem 59% · disk 59% · up 7259s
[watcher] identified COM14 → tdisplay-esp32-ch9102 · ?/?
[devices] COM14 minted identity 01a059c4-ac82-7875-b253-0e0f9308dae7
[devices] minding COM14 as Some("tdisplay-esp32-ch9102") (Some("01a059c4-ac82-7875-b253-0e0f9308dae7")) — state Accepted
[moments] splash: discovery 01a059c4-ac82-7875-b253-0e0f9308dae7
[roster] held 01a059c4-ac82-7875-b253-0e0f9308dae7 on COM14 (tdisplay-esp32-ch9102) — admission decides the stream
[roster] stream detached — 01a059c4-ac82-7875-b253-0e0f9308dae7 on COM14 (maintenance:adopt)
[maintenance] adopt saga owns 01a059c4-ac82-7875-b253-0e0f9308dae7 on COM14 — the stream is withdrawn
[maintenance] 01a059c4-ac82-7875-b253-0e0f9308dae7 · step 1/2 — Adopting the T-Display face (aurora) 
[maintenance] 01a059c4-ac82-7875-b253-0e0f9308dae7 · step 1/2 — raw REPL confirmed (attempt 1) 
[maintenance] 01a059c4-ac82-7875-b253-0e0f9308dae7 · step 1/2 — device files: ['boot.py', 'diorama.py', 'face.py', 'main.py', 'suzu.json', 'zen-garden.json'] 
[maintenance] 01a059c4-ac82-7875-b253-0e0f9308dae7 · step 1/2 — backed up boot.py (631 bytes) 
[maintenance] 01a059c4-ac82-7875-b253-0e0f9308dae7 · step 1/2 — backed up diorama.py (29725 bytes) 
[maintenance] 01a059c4-ac82-7875-b253-0e0f9308dae7 · step 1/2 — backed up face.py (22751 bytes) 
[maintenance] 01a059c4-ac82-7875-b253-0e0f9308dae7 · step 1/2 — backed up main.py (12 bytes) 
[maintenance] 01a059c4-ac82-7875-b253-0e0f9308dae7 · step 1/2 — backed up suzu.json (236 bytes) 
[maintenance] 01a059c4-ac82-7875-b253-0e0f9308dae7 · step 1/2 — backed up zen-garden.json (230 bytes) 
[maintenance] 01a059c4-ac82-7875-b253-0e0f9308dae7 · step 1/2 — identity preserved: 01a059c4-ac82-7875-b253-0e0f9308dae7 
[maintenance] 01a059c4-ac82-7875-b253-0e0f9308dae7 · step 1/2 — raw REPL confirmed (attempt 1) 
[maintenance] 01a059c4-ac82-7875-b253-0e0f9308dae7 · step 1/2 — OK suzu.json (236 bytes verified) 
[maintenance] 01a059c4-ac82-7875-b253-0e0f9308dae7 · step 1/2 — raw REPL confirmed (attempt 1) 
[maintenance] 01a059c4-ac82-7875-b253-0e0f9308dae7 · step 1/2 — OK main.py (12 bytes verified) 
[maintenance] 01a059c4-ac82-7875-b253-0e0f9308dae7 · step 1/2 — raw REPL confirmed (attempt 1) 
[maintenance] 01a059c4-ac82-7875-b253-0e0f9308dae7 · step 1/2 — OK face.mpy (9038 bytes verified) 
[maintenance] 01a059c4-ac82-7875-b253-0e0f9308dae7 · step 1/2 — raw REPL confirmed (attempt 1) 
[maintenance] 01a059c4-ac82-7875-b253-0e0f9308dae7 · step 1/2 — OK face.py (22751 bytes verified) 
[maintenance] 01a059c4-ac82-7875-b253-0e0f9308dae7 · step 1/2 — rebooted — the face should answer its HELLO on the bus 
[maintenance] 01a059c4-ac82-7875-b253-0e0f9308dae7 · step 2/2 — Handing to the exam 
[maintenance] COM14: re-identified as ?/? — respawning
[maintenance] adopt saga done for 01a059c4-ac82-7875-b253-0e0f9308dae7 — admission decides the stream
[api] shutdown requested — the resident rests
catalog: 4 class signature(s) from hardware/classes
suzu resident is up — domains: watcher · devices · moments · sensor · roster
plug a device and watch the house talk. `tell <label>` rings the bell · `status` · `q` quits.
control: `suzu pause` / `suzu resume` stop and restart the stream to devices.
[api] the door is open on http://127.0.0.1:7899 — snapshot + stream, one truth
[control] listening on 127.0.0.1:7898 — `suzu pause` / `suzu resume`
[watcher] sensed COM14
[sensor] ground: stone-leaded-sparkle · cpu 10% · gpu 3% · mem 46% · disk 59% · up 8232s
[watcher] identified COM14 → tdisplay-esp32-ch9102 · ?/?
[devices] COM14 minted identity 01a059d3-853b-7850-b805-d7da2b8549bb
[devices] minding COM14 as Some("tdisplay-esp32-ch9102") (Some("01a059d3-853b-7850-b805-d7da2b8549bb")) — state Accepted
[roster] held 01a059d3-853b-7850-b805-d7da2b8549bb on COM14 (tdisplay-esp32-ch9102) — admission decides the stream
[moments] splash: discovery 01a059d3-853b-7850-b805-d7da2b8549bb
[roster] stream detached — 01a059d3-853b-7850-b805-d7da2b8549bb on COM14 (maintenance:adopt)
[maintenance] adopt saga owns 01a059d3-853b-7850-b805-d7da2b8549bb on COM14 — the stream is withdrawn
[maintenance] 01a059d3-853b-7850-b805-d7da2b8549bb · step 1/2 — Adopting the T-Display face (aurora) 
[maintenance] 01a059d3-853b-7850-b805-d7da2b8549bb · step 1/2 — File "F:\Replica\NAS\Files\repo\github\sylin-org\suzu\scripts\push_tdisplay.py", line 77 
[maintenance] 01a059d3-853b-7850-b805-d7da2b8549bb · step 1/2 — SyntaxError: unterminated string literal (detected at line 77) 
[maintenance] 01a059d3-853b-7850-b805-d7da2b8549bb · step 1/2 — Adopting the T-Display face (aurora) (failed) ✗ push_tdisplay.py failed: SyntaxError: unterminated string literal (detected at line 77)
[maintenance] 01a059d3-853b-7850-b805-d7da2b8549bb · step 2/2 — failed ✗ push_tdisplay.py failed: SyntaxError: unterminated string literal (detected at line 77)
[maintenance] COM14: re-identified as ?/? — respawning
[maintenance] adopt saga done for 01a059d3-853b-7850-b805-d7da2b8549bb — admission decides the stream
[roster] stream detached —  on COM14 (maintenance:adopt)
[maintenance] adopt saga owns  on COM14 — the stream is withdrawn
[maintenance]  · step 1/2 — Adopting the T-Display face (aurora) 
[maintenance]  · step 1/2 — raw REPL confirmed (attempt 1) 
[maintenance]  · step 1/2 — device files: ['boot.py', 'diorama.py', 'face.mpy', 'face.py', 'main.py', 'suzu.json', 'zen-garden.json'] 
[maintenance]  · step 1/2 — backed up boot.py (631 bytes) 
[maintenance]  · step 1/2 — backed up diorama.py (29725 bytes) 
[maintenance]  · step 1/2 — backed up face.mpy (9038 bytes) 
[maintenance]  · step 1/2 — backed up face.py (22751 bytes) 
[maintenance]  · step 1/2 — backed up main.py (12 bytes) 
[maintenance]  · step 1/2 — backed up suzu.json (236 bytes) 
[maintenance]  · step 1/2 — backed up zen-garden.json (230 bytes) 
[maintenance]  · step 1/2 — backup at backups\COM14-20260831-180326 
[maintenance]  · step 1/2 — raw REPL confirmed (attempt 1) 
[maintenance]  · step 1/2 — OK suzu.json (183 bytes verified) 
[maintenance]  · step 1/2 — raw REPL confirmed (attempt 1) 
[maintenance]  · step 1/2 — OK main.py (12 bytes verified) 
[sensor] ground: stone-leaded-sparkle · cpu 8% · gpu 2% · mem 46% · disk 59% · up 8739s
[maintenance]  · step 1/2 — raw REPL confirmed (attempt 1) 
[maintenance]  · step 1/2 — OK face.py (22751 bytes verified) 
[maintenance]  · step 1/2 — pushed 3 files — soft reboot into the face 
[maintenance]  · step 1/2 — rebooted — the face should answer its HELLO on the bus 
[maintenance]  · step 2/2 — Handing to the exam 
[sensor] ground: stone-leaded-sparkle · cpu 10% · gpu 2% · mem 46% · disk 59% · up 8821s
[sensor] ground: stone-leaded-sparkle · cpu 6% · gpu 2% · mem 45% · disk 59% · up 8885s
[maintenance] adopt saga done for  — admission decides the stream
[maintenance] COM14: re-identified as ?/? — respawning
[sensor] ground: stone-leaded-sparkle · cpu 7% · gpu 1% · mem 47% · disk 59% · up 9150s
[sensor] ground: stone-leaded-sparkle · cpu 5% · gpu 1% · mem 45% · disk 59% · up 9214s
[sensor] ground: stone-leaded-sparkle · cpu 5% · gpu 1% · mem 45% · disk 59% · up 9232s
[api] shutdown requested — the resident rests
catalog: 4 class signature(s) from hardware/classes
suzu resident is up — domains: watcher · devices · moments · sensor · roster
plug a device and watch the house talk. `tell <label>` rings the bell · `status` · `q` quits.
control: `suzu pause` / `suzu resume` stop and restart the stream to devices.
[api] the door is open on http://127.0.0.1:7899 — snapshot + stream, one truth
[control] listening on 127.0.0.1:7898 — `suzu pause` / `suzu resume`
[watcher] sensed COM14
[sensor] ground: stone-leaded-sparkle · cpu 8% · gpu 1% · mem 45% · disk 59% · up 10187s
[watcher] identified COM14 → tdisplay-esp32-ch9102 · firefly/tdisplay v1.0.0
[devices] COM14 minted identity 01a059f0-ee24-7889-abe1-d8b458010389
[devices] minding COM14 as Some("tdisplay-esp32-ch9102") (Some("01a059f0-ee24-7889-abe1-d8b458010389")) — state Accepted
[moments] splash: discovery 01a059f0-ee24-7889-abe1-d8b458010389
[roster] held 01a059f0-ee24-7889-abe1-d8b458010389 on COM14 (tdisplay-esp32-ch9102) — admission decides the stream
[sessions] COM14: consumer translating (suzu/1)
[roster] admission PASSED for 01a059f0-ee24-7889-abe1-d8b458010389 on COM14 — handshake, currency, ack-law, label-roundtrip, display-truth
[roster] stream attached — 01a059f0-ee24-7889-abe1-d8b458010389 on COM14
[sensor] ground: stone-leaded-sparkle · cpu 7% · gpu 1% · mem 45% · disk 59% · up 10229s
[api] shutdown requested — the resident rests
catalog: 4 class signature(s) from hardware/classes
suzu resident is up — domains: watcher · devices · moments · sensor · roster
plug a device and watch the house talk. `tell <label>` rings the bell · `status` · `q` quits.
control: `suzu pause` / `suzu resume` stop and restart the stream to devices.
[api] the door is open on http://127.0.0.1:7899 — snapshot + stream, one truth
[control] listening on 127.0.0.1:7898 — `suzu pause` / `suzu resume`
[watcher] sensed COM14
[sensor] ground: stone-leaded-sparkle · cpu 6% · gpu 1% · mem 45% · disk 59% · up 10252s
[watcher] identified COM14 → tdisplay-esp32-ch9102 · firefly/tdisplay v1.0.0
[devices] minding COM14 as Some("tdisplay-esp32-ch9102") (Some("01a059f0-ee24-7889-abe1-d8b458010389")) — state Accepted
[roster] held 01a059f0-ee24-7889-abe1-d8b458010389 on COM14 (tdisplay-esp32-ch9102) — admission decides the stream
[moments] splash: discovery 01a059f0-ee24-7889-abe1-d8b458010389
[sessions] COM14: consumer translating (suzu/1)
[roster] admission PASSED for 01a059f0-ee24-7889-abe1-d8b458010389 on COM14 — handshake, currency, ack-law, label-roundtrip, display-truth
[roster] stream attached — 01a059f0-ee24-7889-abe1-d8b458010389 on COM14
[api] shutdown requested — the resident rests
catalog: 4 class signature(s) from hardware/classes
suzu resident is up — domains: watcher · devices · moments · sensor · roster
plug a device and watch the house talk. `tell <label>` rings the bell · `status` · `q` quits.
control: `suzu pause` / `suzu resume` stop and restart the stream to devices.
[api] the door is open on http://127.0.0.1:7899 — snapshot + stream, one truth
[control] listening on 127.0.0.1:7898 — `suzu pause` / `suzu resume`
[watcher] sensed COM14
[sensor] ground: stone-leaded-sparkle · cpu 5% · gpu 1% · mem 45% · disk 59% · up 10327s
[watcher] identified COM14 → tdisplay-esp32-ch9102 · firefly/tdisplay v1.0.0
[devices] minding COM14 as Some("tdisplay-esp32-ch9102") (Some("01a059f0-ee24-7889-abe1-d8b458010389")) — state Accepted
[moments] splash: discovery 01a059f0-ee24-7889-abe1-d8b458010389
[roster] held 01a059f0-ee24-7889-abe1-d8b458010389 on COM14 (tdisplay-esp32-ch9102) — admission decides the stream
[sessions] COM14: consumer translating (suzu/1)
[roster] admission FAILED for 01a059f0-ee24-7889-abe1-d8b458010389 on COM14 — handshake, ✗ currency
[roster] stream detached — 01a059f0-ee24-7889-abe1-d8b458010389 on COM14 (admission failed)
[house] COM14: dress aurora is stale — updating it (the house keeps its own current)
[roster] stream detached — 01a059f0-ee24-7889-abe1-d8b458010389 on COM14 (maintenance:soft)
[maintenance] soft saga owns 01a059f0-ee24-7889-abe1-d8b458010389 on COM14 — the stream is withdrawn
[sessions] COM14: released — fireflies when idle
[maintenance] 01a059f0-ee24-7889-abe1-d8b458010389 · step 1/2 — Adopting the T-Display face (aurora) 
[maintenance] 01a059f0-ee24-7889-abe1-d8b458010389 · step 1/2 — raw REPL confirmed (attempt 1) 
[maintenance] 01a059f0-ee24-7889-abe1-d8b458010389 · step 1/2 — device files: ['boot.py', 'diorama.py', 'face.py', 'label.txt', 'main.py', 'suzu.json', 'zen-garden.json'] 
[maintenance] 01a059f0-ee24-7889-abe1-d8b458010389 · step 1/2 — backed up boot.py (631 bytes) 
[maintenance] 01a059f0-ee24-7889-abe1-d8b458010389 · step 1/2 — backed up diorama.py (29725 bytes) 
[maintenance] 01a059f0-ee24-7889-abe1-d8b458010389 · step 1/2 — backed up face.py (22854 bytes) 
[maintenance] 01a059f0-ee24-7889-abe1-d8b458010389 · step 1/2 — backed up label.txt (20 bytes) 
[maintenance] 01a059f0-ee24-7889-abe1-d8b458010389 · step 1/2 — backed up main.py (12 bytes) 
[maintenance] 01a059f0-ee24-7889-abe1-d8b458010389 · step 1/2 — backed up suzu.json (229 bytes) 
[maintenance] 01a059f0-ee24-7889-abe1-d8b458010389 · step 1/2 — backed up zen-garden.json (230 bytes) 
[maintenance] 01a059f0-ee24-7889-abe1-d8b458010389 · step 1/2 — identity preserved: 01a059f0-ee24-7889-abe1-d8b458010389 
[maintenance] 01a059f0-ee24-7889-abe1-d8b458010389 · step 1/2 — raw REPL confirmed (attempt 1) 
[maintenance] 01a059f0-ee24-7889-abe1-d8b458010389 · step 1/2 — OK suzu.json (229 bytes verified) 
[maintenance] 01a059f0-ee24-7889-abe1-d8b458010389 · step 1/2 — raw REPL confirmed (attempt 1) 
[maintenance] 01a059f0-ee24-7889-abe1-d8b458010389 · step 1/2 — OK main.py (12 bytes verified) 
[maintenance] 01a059f0-ee24-7889-abe1-d8b458010389 · step 1/2 — raw REPL confirmed (attempt 1) 
[sensor] ground: stone-leaded-sparkle · cpu 5% · gpu 2% · mem 45% · disk 59% · up 10444s
[maintenance] 01a059f0-ee24-7889-abe1-d8b458010389 · step 1/2 — OK face.py (22854 bytes verified) 
[maintenance] 01a059f0-ee24-7889-abe1-d8b458010389 · step 1/2 — pushed 3 files — soft reboot into the face 
[maintenance] 01a059f0-ee24-7889-abe1-d8b458010389 · step 1/2 — rebooted — the face should answer its HELLO on the bus 
[maintenance] 01a059f0-ee24-7889-abe1-d8b458010389 · step 2/2 — Handing to the exam 
[maintenance] COM14: re-identified as firefly/tdisplay — respawning
[maintenance] soft saga done for 01a059f0-ee24-7889-abe1-d8b458010389 — admission decides the stream
[sessions] COM14: consumer translating (suzu/1)
[roster] admission PASSED for 01a059f0-ee24-7889-abe1-d8b458010389 on COM14 — handshake, currency, ack-law, label-roundtrip, display-truth
[roster] stream attached — 01a059f0-ee24-7889-abe1-d8b458010389 on COM14
